node_name,k_shell,degree,community_centrality,num_clusters,node,peak_infection,total_infection,outbreak_duration
1,3,11,19,8,1,0.05939999999999999,0.3195,14.0
10,2,9,10,9,2,0.024300000000000006,0.18409999999999999,11.4
100,2,4,16,4,3,0.0187,0.11200000000000002,10.4
1000,1,1,4,1,4,0.0206,0.1402,9.7
101,2,4,14,4,5,0.0243,0.17919999999999997,13.9
102,2,4,9,3,6,0.0513,0.2883,13.8
103,2,5,12,5,7,0.026499999999999996,0.18139999999999995,10.7
104,1,2,7,2,8,0.03560000000000001,0.2211,11.9
105,2,4,8,4,9,0.011100000000000002,0.065,8.3
106,1,2,6,1,10,0.0142,0.08839999999999999,9.6
107,3,8,16,8,11,0.020999999999999998,0.139,11.7
108,2,7,8,7,12,0.014600000000000005,0.0839,8.9
109,2,3,10,3,13,0.0269,0.1611,10.8
11,2,5,22,3,14,0.0253,0.12769999999999998,10.5
110,2,5,7,5,15,0.0234,0.1542,10.9
111,2,5,10,5,16,0.0323,0.23709999999999995,14.8
112,1,1,0,0,17,0.043,0.2753,14.6
113,3,4,20,4,18,0.0442,0.3311,17.1
114,1,1,0,0,19,0.0031000000000000003,0.0085,4.3
115,2,4,13,4,20,0.023100000000000002,0.16799999999999998,12.6
116,2,7,8,7,21,0.030100000000000005,0.1607,9.5
117,2,5,5,4,22,0.027600000000000003,0.15130000000000002,11.1
118,2,6,6,5,23,0.025000000000000005,0.1578,11.5
119,2,5,9,4,24,0.0231,0.154,12.2
12,1,2,10,1,25,0.022000000000000002,0.1333,10.6
120,2,5,23,5,26,0.0257,0.1917,13.1
121,2,3,9,2,27,0.0491,0.2723,13.7
122,1,2,7,1,28,0.032100000000000004,0.18739999999999998,10.6
123,2,4,7,4,29,0.03610000000000001,0.22669999999999998,12.6
124,1,5,6,5,30,0.0181,0.11939999999999998,11.0
125,2,5,12,4,31,0.0259,0.17649999999999996,12.1
126,2,6,12,6,32,0.0122,0.0615,8.8
127,2,5,4,3,33,0.0402,0.2628,14.3
128,1,2,5,1,34,0.022600000000000002,0.1247,8.0
129,2,3,8,3,35,0.0317,0.1972,13.3
13,2,3,17,2,36,0.0182,0.10859999999999999,9.2
130,2,5,14,5,37,0.0263,0.16999999999999998,15.3
131,2,5,6,5,38,0.053700000000000005,0.3184,16.4
132,2,3,8,1,39,0.0251,0.1667,13.6
133,2,6,14,4,40,0.0451,0.30239999999999995,14.4
134,3,4,6,3,41,0.0312,0.19849999999999998,11.8
135,1,3,0,0,42,0.0402,0.22990000000000005,12.5
136,2,5,14,5,43,0.023600000000000003,0.1934,13.5
137,1,3,9,3,44,0.042300000000000004,0.2426,11.5
138,2,4,5,4,45,0.020900000000000002,0.12569999999999998,10.1
139,2,2,10,1,46,0.0279,0.155,11.9
14,2,3,0,0,47,0.0252,0.161,11.6
140,2,4,10,4,48,0.0475,0.3468,17.4
141,2,7,11,7,49,0.0158,0.11950000000000001,13.5
142,1,4,5,4,50,0.017800000000000003,0.1283,11.4
143,1,3,10,3,51,0.012400000000000003,0.08330000000000001,8.6
144,2,3,7,3,52,0.043,0.25670000000000004,14.7
145,2,7,6,5,53,0.03849999999999999,0.28580000000000005,14.4
146,2,4,19,4,54,0.0104,0.0581,7.9
147,2,7,6,5,55,0.029600000000000005,0.17660000000000003,12.0
148,2,3,20,1,56,0.0253,0.18880000000000002,14.4
149,2,3,11,3,57,0.0119,0.0749,10.5
15,3,10,22,9,58,0.052000000000000005,0.31639999999999996,14.8
150,2,2,4,2,59,0.0131,0.0774,8.7
151,3,6,16,6,60,0.0168,0.1111,11.4
152,1,2,4,2,61,0.0092,0.047099999999999996,6.5
153,2,4,5,4,62,0.019700000000000002,0.1258,9.8
154,2,3,4,1,63,0.028700000000000003,0.20959999999999995,13.6
155,2,4,10,4,64,0.029300000000000003,0.16560000000000002,12.4
156,2,3,11,3,65,0.0425,0.259,15.0
157,3,5,16,5,66,0.024100000000000003,0.1533,12.7
158,2,2,5,2,67,0.0264,0.14659999999999998,10.6
159,2,6,5,4,68,0.0409,0.314,17.9
16,2,6,13,5,69,0.0224,0.1481,11.6
160,2,2,10,2,70,0.0318,0.19829999999999998,12.5
161,1,4,11,4,71,0.014000000000000002,0.086,7.7
162,1,3,8,1,72,0.03169999999999999,0.16849999999999998,10.4
163,2,3,5,3,73,0.0086,0.057600000000000005,6.6
164,1,1,9,1,74,0.0333,0.18630000000000002,12.9
165,1,3,4,3,75,0.021000000000000005,0.138,13.1
166,1,5,9,5,76,0.0205,0.1167,8.6
167,2,3,17,3,77,0.035,0.271,14.7
168,2,4,17,4,78,0.033,0.2138,15.3
169,2,5,5,4,79,0.0257,0.16709999999999997,11.5
17,1,2,16,1,80,0.0484,0.2914,13.0
170,2,4,12,4,81,0.013300000000000001,0.068,9.0
171,2,4,7,4,82,0.032600000000000004,0.20249999999999999,13.6
172,2,4,19,4,83,0.05,0.27430000000000004,13.3
173,1,4,5,4,84,0.0115,0.068,7.5
174,1,4,5,4,85,0.014600000000000002,0.0698,7.5
175,2,3,10,3,86,0.042100000000000005,0.27049999999999996,15.6
176,2,3,4,1,87,0.0152,0.0661,9.2
177,1,1,0,0,88,0.0405,0.2239,11.0
178,2,2,7,2,89,0.0174,0.12739999999999999,10.3
179,2,3,10,3,90,0.0462,0.3205,17.4
18,2,8,10,6,91,0.0237,0.12060000000000001,9.7
180,2,3,4,2,92,0.0194,0.1311,10.9
181,1,2,5,2,93,0.0333,0.22069999999999995,11.2
182,2,5,19,1,94,0.06,0.37710000000000005,15.1
183,2,3,21,3,95,0.0522,0.3039,13.7
184,2,4,6,4,96,0.02,0.11219999999999997,9.6
185,1,2,5,1,97,0.0021000000000000003,0.007600000000000001,4.4
186,3,5,16,5,98,0.051000000000000004,0.2704,12.6
187,2,3,4,3,99,0.011200000000000002,0.06720000000000001,8.0
188,2,6,6,5,100,0.017900000000000003,0.08420000000000001,9.9
189,1,1,4,1,101,0.0325,0.23809999999999998,12.6
19,1,3,0,0,102,0.038,0.25429999999999997,10.4
190,2,4,16,2,103,0.0308,0.2304,17.1
191,1,2,5,1,104,0.0089,0.0524,7.3
192,1,1,5,1,105,0.019700000000000002,0.13869999999999996,8.8
193,2,3,14,3,106,0.0451,0.29300000000000004,15.0
194,1,1,0,0,107,0.016900000000000002,0.09879999999999999,8.1
195,2,2,5,1,108,0.023399999999999997,0.1673,11.3
196,2,3,6,1,109,0.011100000000000002,0.06820000000000001,9.0
197,1,2,8,1,110,0.0152,0.11069999999999999,9.7
198,1,2,5,1,111,0.0359,0.20309999999999997,11.5
199,1,2,0,0,112,0.015100000000000002,0.11309999999999998,9.8
2,3,13,19,9,113,0.068,0.3731,13.8
20,3,10,23,7,114,0.0445,0.2888,14.0
200,1,2,13,2,115,0.039299999999999995,0.2623,13.0
201,2,3,5,1,116,0.0236,0.16919999999999996,11.6
202,1,1,4,1,117,0.029200000000000004,0.18859999999999993,11.2
203,2,4,5,4,118,0.022000000000000002,0.1491,10.9
204,1,2,0,0,119,0.0327,0.19449999999999998,9.6
205,1,2,5,1,120,0.0066,0.04880000000000001,8.1
206,2,5,9,5,121,0.0251,0.17520000000000002,12.2
207,2,3,16,3,122,0.020800000000000003,0.13999999999999999,11.5
208,2,2,16,2,123,0.013800000000000002,0.08960000000000001,10.2
209,2,3,7,3,124,0.034300000000000004,0.2191,14.2
21,3,10,20,8,125,0.0421,0.3255,15.7
210,1,3,0,0,126,0.0054,0.023100000000000002,6.8
211,1,3,13,3,127,0.013800000000000002,0.09809999999999999,9.2
212,2,3,6,1,128,0.0187,0.1296,9.9
213,2,4,6,4,129,0.018099999999999998,0.11560000000000001,7.8
214,1,2,5,1,130,0.0156,0.10149999999999999,8.6
215,2,6,6,4,131,0.024600000000000004,0.15619999999999998,10.1
216,1,2,14,2,132,0.023,0.1536,12.0
217,2,7,11,7,133,0.0345,0.24289999999999998,13.9
218,1,3,8,3,134,0.0512,0.2791,13.4
219,1,4,9,4,135,0.0076,0.04130000000000001,7.5
22,2,5,20,3,136,0.054599999999999996,0.32730000000000004,13.9
220,1,1,0,0,137,0.0117,0.0721,7.3
221,1,2,0,0,138,0.0162,0.10669999999999999,8.9
222,2,4,4,3,139,0.0325,0.22360000000000002,12.1
223,1,1,10,1,140,0.0294,0.1948,12.4
224,3,6,7,6,141,0.017000000000000005,0.10429999999999999,9.0
225,2,6,8,5,142,0.0191,0.11220000000000001,10.3
226,2,3,0,0,143,0.008700000000000003,0.04360000000000001,8.3
227,2,2,0,0,144,0.0435,0.2658,14.0
228,1,2,0,0,145,0.0254,0.18309999999999998,10.5
229,2,2,4,2,146,0.0422,0.26010000000000005,15.0
23,2,6,14,5,147,0.0284,0.187,13.4
230,2,2,9,2,148,0.020700000000000003,0.1525,11.6
231,1,5,5,4,149,0.03560000000000001,0.21279999999999996,11.4
232,2,3,6,3,150,0.0327,0.1823,12.0
233,2,4,11,4,151,0.0526,0.3094,15.7
234,1,3,4,1,152,0.007300000000000001,0.04560000000000001,6.6
235,2,4,5,3,153,0.032,0.2062,12.3
236,1,2,0,0,154,0.0413,0.25479999999999997,12.9
237,2,3,4,2,155,0.019400000000000004,0.12980000000000003,10.7
238,3,7,14,7,156,0.0316,0.2158,15.5
239,1,2,6,1,157,0.0319,0.2464,17.5
24,2,10,8,6,158,0.0383,0.26270000000000004,14.4
240,1,3,0,0,159,0.012,0.0759,8.3
241,1,1,9,1,160,0.016700000000000003,0.1113,7.8
242,1,4,8,4,161,0.019700000000000002,0.1243,10.3
243,1,1,5,1,162,0.021500000000000002,0.16219999999999998,12.6
244,2,4,7,3,163,0.036,0.2632,15.7
245,1,3,5,1,164,0.0129,0.06130000000000001,6.3
246,1,3,8,1,165,0.0339,0.19899999999999998,12.6
247,1,4,12,4,166,0.0288,0.17980000000000002,10.7
248,2,3,6,1,167,0.027600000000000003,0.1551,10.9
249,1,3,9,1,168,0.0185,0.1001,9.0
25,2,5,26,5,169,0.022400000000000003,0.1618,12.7
250,2,6,16,6,170,0.0273,0.1911,13.8
251,3,4,16,4,171,0.047700000000000006,0.2525,14.2
252,2,2,11,2,172,0.030500000000000006,0.1881,11.5
253,1,3,11,1,173,0.0066,0.030400000000000003,8.1
254,2,2,5,2,174,0.0328,0.19399999999999998,10.2
255,1,1,0,0,175,0.0359,0.20800000000000002,10.5
256,2,4,4,3,176,0.011000000000000001,0.06280000000000001,8.6
257,2,5,8,5,177,0.011700000000000002,0.0625,9.3
258,3,6,30,6,178,0.06350000000000001,0.3709,14.9
259,1,3,0,0,179,0.015300000000000003,0.0942,8.7
26,2,4,14,2,180,0.0421,0.2559,13.3
260,2,4,13,4,181,0.007999999999999998,0.0381,8.4
261,1,2,4,1,182,0.017200000000000003,0.10140000000000002,8.9
262,1,2,4,1,183,0.004100000000000001,0.015700000000000002,5.5
263,2,3,5,3,184,0.0268,0.1553,10.5
264,1,1,0,0,185,0.0185,0.1382,9.0
265,2,4,5,3,186,0.019100000000000002,0.1066,10.3
266,1,2,9,2,187,0.027200000000000002,0.175,10.7
267,2,2,4,2,188,0.031900000000000005,0.2032,13.2
268,2,3,9,1,189,0.018099999999999998,0.11980000000000005,11.2
269,2,2,0,0,190,0.037200000000000004,0.22350000000000003,13.0
27,3,10,20,10,191,0.0359,0.2719,15.5
270,2,4,10,4,192,0.034199999999999994,0.18379999999999996,12.0
271,1,3,4,1,193,0.0245,0.1618,11.6
272,2,4,16,4,194,0.0182,0.1224,10.4
273,1,1,7,1,195,0.0414,0.24369999999999997,14.4
274,2,3,5,3,196,0.008300000000000002,0.04580000000000001,7.1
275,3,5,9,5,197,0.0269,0.17029999999999998,13.8
276,2,3,20,1,198,0.0203,0.14300000000000002,12.0
277,1,4,5,4,199,0.0304,0.1926,11.8
278,2,2,6,1,200,0.024700000000000003,0.1753,13.3
279,1,2,0,0,201,0.0056,0.0327,5.6
28,2,10,20,6,202,0.0576,0.3788,16.0
280,2,3,0,0,203,0.013300000000000001,0.06990000000000002,8.8
281,1,1,13,1,204,0.0402,0.24779999999999996,11.1
282,2,2,5,2,205,0.0335,0.1846,12.1
283,1,2,0,0,206,0.0327,0.21509999999999999,10.4
284,2,2,4,2,207,0.027000000000000003,0.1638,11.5
285,2,4,7,4,208,0.039999999999999994,0.27599999999999997,14.2
286,1,1,14,1,209,0.028800000000000003,0.20809999999999995,11.4
287,1,4,13,4,210,0.024200000000000003,0.1527,11.2
288,2,5,7,5,211,0.0522,0.3105,15.6
289,2,2,4,1,212,0.0021000000000000003,0.0064,5.2
29,1,4,19,1,213,0.0624,0.3554,14.0
290,2,2,14,2,214,0.0201,0.1172,11.5
291,1,3,4,1,215,0.0176,0.1072,9.9
292,1,1,4,1,216,0.028500000000000004,0.19080000000000003,11.4
293,1,1,4,1,217,0.027500000000000004,0.18480000000000002,11.9
294,1,3,16,1,218,0.036599999999999994,0.2162,12.5
295,2,2,4,2,219,0.009300000000000001,0.057600000000000005,6.9
296,1,2,13,2,220,0.016500000000000004,0.1121,8.4
297,2,3,7,1,221,0.015000000000000003,0.0927,11.7
298,1,2,0,0,222,0.025500000000000002,0.16649999999999995,11.9
299,2,4,11,2,223,0.0372,0.2036,11.7
3,2,10,5,4,224,0.0423,0.2541,13.0
30,2,5,28,5,225,0.0418,0.2889,16.2
300,2,3,7,2,226,0.024399999999999998,0.14079999999999998,9.8
301,1,2,0,0,227,0.015300000000000003,0.09870000000000001,9.1
302,2,2,19,1,228,0.046900000000000004,0.26749999999999996,12.3
303,2,4,7,4,229,0.029700000000000004,0.176,11.3
304,1,1,0,0,230,0.0211,0.11979999999999999,7.4
305,2,2,0,0,231,0.0068000000000000005,0.031100000000000006,7.3
306,2,2,4,2,232,0.027200000000000002,0.176,11.5
307,1,2,5,1,233,0.0129,0.0819,8.6
308,2,4,12,2,234,0.0211,0.15599999999999997,13.0
309,2,3,4,2,235,0.0153,0.08430000000000001,11.4
31,2,8,9,8,236,0.0333,0.24559999999999998,16.7
310,2,3,8,1,237,0.04120000000000001,0.23399999999999999,14.2
311,2,2,0,0,238,0.015700000000000002,0.0958,8.6
312,1,2,0,0,239,0.0312,0.1974,13.0
313,1,4,8,4,240,0.028900000000000002,0.16549999999999995,10.0
314,2,4,11,4,241,0.015999999999999997,0.1024,11.1
315,2,3,4,1,242,0.0158,0.08049999999999999,8.6
316,1,2,5,1,243,0.03219999999999999,0.24139999999999998,14.4
317,1,3,4,1,244,0.0194,0.14699999999999996,12.5
318,2,4,6,4,245,0.0046,0.0173,5.7
319,2,3,5,3,246,0.0187,0.1336,9.3
32,2,11,9,8,247,0.03949999999999999,0.2661,15.5
320,2,3,11,2,248,0.010199999999999999,0.052500000000000005,9.2
321,1,4,10,4,249,0.021,0.1325,8.0
322,1,1,6,1,250,0.022400000000000003,0.12869999999999998,9.6
323,1,2,0,0,251,0.016300000000000002,0.10670000000000002,8.8
324,1,1,20,1,252,0.031799999999999995,0.24219999999999997,14.8
325,1,3,6,1,253,0.0105,0.057100000000000005,7.1
326,1,4,11,4,254,0.018200000000000004,0.09980000000000001,10.2
327,2,3,5,3,255,0.015200000000000002,0.094,7.1
328,2,3,19,2,256,0.0504,0.2852,12.2
329,1,2,5,1,257,0.014800000000000002,0.0915,8.3
33,2,2,10,2,258,0.0433,0.2473,13.5
330,1,2,8,1,259,0.014100000000000001,0.08470000000000003,9.2
331,1,2,4,1,260,0.0095,0.056400000000000006,6.9
332,2,4,6,1,261,0.0413,0.30250000000000005,15.4
333,1,2,6,1,262,0.0018000000000000002,0.005100000000000001,4.3
334,1,1,5,1,263,0.0183,0.11069999999999998,7.5
335,2,6,6,5,264,0.03949999999999999,0.24370000000000003,12.7
336,1,1,0,0,265,0.0028000000000000004,0.012200000000000003,5.8
337,1,2,6,1,266,0.024800000000000003,0.17219999999999996,14.6
338,1,1,7,1,267,0.0033,0.0162,4.8
339,1,2,8,1,268,0.020900000000000002,0.1558,11.9
34,2,7,7,4,269,0.0328,0.2252,12.3
340,1,1,0,0,270,0.020800000000000003,0.1145,9.0
341,1,2,0,0,271,0.023899999999999998,0.1504,9.6
342,2,3,4,2,272,0.0268,0.16150000000000003,9.5
343,1,1,4,1,273,0.0284,0.2244,14.9
344,2,5,11,5,274,0.0177,0.10819999999999999,10.8
345,1,3,5,1,275,0.0034999999999999996,0.011199999999999998,5.7
346,1,2,0,0,276,0.025500000000000002,0.1505,11.2
347,2,4,7,2,277,0.0433,0.25730000000000003,14.9
348,2,2,13,2,278,0.0251,0.19419999999999998,14.9
349,2,3,11,3,279,0.016,0.0888,10.2
35,2,7,10,7,280,0.0581,0.34540000000000004,15.8
350,1,3,0,0,281,0.0044,0.019200000000000002,7.5
351,1,1,0,0,282,0.013500000000000002,0.0952,8.5
352,1,2,4,1,283,0.027100000000000003,0.1401,9.0
353,2,3,9,1,284,0.0411,0.2508,14.0
354,1,1,0,0,285,0.012300000000000002,0.0728,10.5
355,1,1,5,1,286,0.011600000000000001,0.059699999999999996,5.8
356,1,2,10,1,287,0.0195,0.1349,10.6
357,1,2,0,0,288,0.0134,0.0709,8.4
358,2,5,5,4,289,0.029300000000000003,0.2092,14.2
359,2,3,14,3,290,0.022400000000000003,0.1419,13.2
36,2,5,30,3,291,0.047599999999999996,0.2947000000000001,13.8
360,2,7,6,5,292,0.027000000000000003,0.21139999999999998,14.1
361,1,2,6,1,293,0.007200000000000001,0.0538,7.3
362,3,4,14,4,294,0.0325,0.2238,15.6
363,1,1,0,0,295,0.0161,0.09340000000000001,9.6
364,2,3,17,3,296,0.015100000000000002,0.0926,12.2
365,1,1,6,1,297,0.0161,0.10569999999999999,9.5
366,2,3,11,2,298,0.0092,0.047400000000000005,10.6
367,1,3,0,0,299,0.0044,0.0162,6.8
368,1,3,5,1,300,0.0159,0.09570000000000001,9.3
369,1,3,6,1,301,0.027100000000000003,0.1679,11.1
37,2,9,7,6,302,0.0201,0.10839999999999998,9.4
370,2,6,14,6,303,0.0316,0.20989999999999998,12.5
371,2,3,4,3,304,0.02,0.1416,10.8
372,1,1,0,0,305,0.0239,0.14489999999999992,8.6
373,2,4,6,4,306,0.0173,0.10079999999999997,10.7
374,1,1,0,0,307,0.012800000000000002,0.10579999999999996,9.8
375,2,4,7,4,308,0.0344,0.20859999999999998,13.3
376,2,2,5,1,309,0.0314,0.15420000000000003,9.3
377,3,4,6,4,310,0.011800000000000001,0.0664,7.0
378,2,3,5,3,311,0.008600000000000002,0.0505,7.8
379,1,1,13,1,312,0.0024000000000000002,0.0068000000000000005,4.2
38,2,6,12,5,313,0.053700000000000005,0.34030000000000005,15.0
380,1,2,0,0,314,0.014000000000000002,0.09230000000000001,9.8
381,1,2,0,0,315,0.0032,0.0142,6.1
382,1,2,8,1,316,0.0162,0.07970000000000001,6.5
383,1,2,4,1,317,0.0259,0.17139999999999997,14.7
384,2,4,9,4,318,0.0372,0.23399999999999999,12.9
385,1,1,4,1,319,0.0015000000000000002,0.004000000000000001,4.2
386,1,1,13,1,320,0.013300000000000001,0.078,7.0
387,1,2,4,1,321,0.030199999999999998,0.21180000000000004,11.6
388,2,3,6,3,322,0.022900000000000004,0.1328,9.3
389,2,2,5,1,323,0.0409,0.21910000000000002,11.5
39,2,5,8,4,324,0.05129999999999999,0.3186,14.0
390,2,3,6,1,325,0.0182,0.10989999999999997,9.8
391,2,2,5,2,326,0.013600000000000001,0.06420000000000001,9.3
392,1,2,5,1,327,0.032600000000000004,0.2238,14.1
393,1,1,6,1,328,0.0038,0.017100000000000004,6.3
394,2,3,4,2,329,0.006700000000000002,0.041800000000000004,7.7
395,1,2,5,1,330,0.029400000000000003,0.18980000000000002,11.7
396,1,2,8,1,331,0.034100000000000005,0.1838,10.0
397,1,1,6,1,332,0.0185,0.1041,7.1
398,1,2,6,1,333,0.0251,0.17449999999999996,10.5
399,2,2,4,2,334,0.0247,0.1507,10.0
4,3,6,30,6,335,0.05089999999999999,0.32330000000000003,14.6
40,2,4,9,4,336,0.0245,0.176,11.6
400,2,4,8,4,337,0.0105,0.0619,7.9
401,2,3,6,1,338,0.0317,0.19349999999999998,12.9
402,1,1,6,1,339,0.023799999999999998,0.1565,11.0
403,1,2,6,1,340,0.0251,0.1878,13.0
404,1,1,0,0,341,0.0129,0.09069999999999999,8.2
405,1,3,11,3,342,0.0203,0.11850000000000001,8.7
406,1,1,5,1,343,0.036000000000000004,0.19329999999999997,11.2
407,1,1,9,1,344,0.012199999999999999,0.0841,7.7
408,1,1,13,1,345,0.05720000000000001,0.3464,14.9
409,1,1,5,1,346,0.013600000000000001,0.0924,9.6
41,2,6,16,6,347,0.0244,0.16560000000000002,11.7
410,1,1,0,0,348,0.006200000000000001,0.0391,5.6
411,1,1,0,0,349,0.023100000000000002,0.1357,7.9
412,2,2,12,2,350,0.0137,0.0969,9.0
413,1,1,0,0,351,0.005100000000000001,0.029100000000000004,5.2
414,2,4,11,4,352,0.028300000000000002,0.18569999999999995,12.0
415,1,3,8,1,353,0.0102,0.059800000000000006,7.4
416,2,2,10,2,354,0.0195,0.0965,7.6
417,1,1,6,1,355,0.023100000000000002,0.13109999999999997,9.5
418,1,1,5,1,356,0.0263,0.1568,10.8
419,2,3,8,1,357,0.0216,0.17109999999999997,12.5
42,2,4,33,4,358,0.0194,0.11570000000000003,9.5
420,2,3,4,3,359,0.0075,0.0403,7.7
421,1,1,13,1,360,0.043,0.2551,12.9
422,1,2,5,1,361,0.019,0.12830000000000003,12.4
423,1,1,4,1,362,0.025500000000000002,0.18459999999999996,12.3
424,1,2,5,1,363,0.024399999999999998,0.1638,12.1
425,2,2,4,2,364,0.030900000000000004,0.21259999999999998,14.2
426,2,3,5,1,365,0.024300000000000002,0.1827,12.8
427,1,3,5,1,366,0.0199,0.1203,9.6
428,1,1,0,0,367,0.0062,0.041400000000000006,5.9
429,1,2,4,1,368,0.011399999999999997,0.063,9.8
43,2,3,10,3,369,0.0213,0.1272,10.6
430,2,2,4,2,370,0.0073999999999999995,0.0464,9.2
431,2,2,8,2,371,0.020700000000000003,0.12290000000000001,11.3
432,1,3,0,0,372,0.0144,0.0857,7.7
433,2,2,20,1,373,0.0355,0.2571,15.9
434,1,1,14,1,374,0.004200000000000001,0.015400000000000002,5.5
435,1,1,0,0,375,0.0342,0.16999999999999998,8.6
436,1,1,0,0,376,0.013900000000000001,0.08009999999999999,5.7
437,1,3,8,1,377,0.0191,0.1059,7.5
438,2,2,4,2,378,0.0256,0.18569999999999998,11.7
439,1,2,0,0,379,0.013900000000000001,0.08180000000000001,5.9
44,3,7,14,7,380,0.0334,0.24,15.5
440,1,1,8,1,381,0.0245,0.1356,8.9
441,1,2,0,0,382,0.0161,0.0961,9.4
442,1,2,0,0,383,0.014100000000000001,0.08539999999999999,9.0
443,2,2,14,2,384,0.0306,0.1888,14.2
444,1,1,6,1,385,0.0127,0.08130000000000001,9.0
445,1,1,16,1,386,0.027700000000000002,0.20789999999999997,13.9
446,1,1,0,0,387,0.013600000000000001,0.09609999999999999,8.5
447,2,2,4,2,388,0.0189,0.1349,10.5
448,1,3,6,3,389,0.0219,0.16249999999999998,10.6
449,1,3,0,0,390,0.0081,0.0563,8.1
45,2,4,20,2,391,0.031099999999999996,0.23520000000000002,15.3
450,1,3,12,1,392,0.0185,0.1247,9.6
451,1,1,5,1,393,0.0269,0.17569999999999997,12.1
452,2,3,4,3,394,0.0191,0.1399,11.0
453,1,2,6,1,395,0.0167,0.123,10.7
454,1,1,4,1,396,0.0087,0.045000000000000005,6.6
455,1,2,6,1,397,0.022,0.14789999999999998,8.6
456,1,4,4,3,398,0.0166,0.1159,9.0
457,2,2,6,2,399,0.030199999999999998,0.1686,10.8
458,1,1,4,1,400,0.0205,0.14139999999999997,10.5
459,2,3,12,3,401,0.0396,0.2817,15.6
46,3,7,9,6,402,0.0187,0.10810000000000002,10.0
460,2,3,8,1,403,0.010100000000000001,0.0598,8.8
461,1,1,11,1,404,0.0216,0.13749999999999996,10.2
462,1,2,0,0,405,0.0215,0.1383,10.3
463,2,2,5,2,406,0.016800000000000002,0.09780000000000001,10.4
464,1,1,0,0,407,0.0112,0.06870000000000001,6.9
465,1,1,0,0,408,0.0177,0.0888,7.5
466,2,2,10,1,409,0.04110000000000001,0.25570000000000004,14.7
467,1,3,0,0,410,0.0102,0.05960000000000001,8.8
468,1,2,6,1,411,0.030300000000000004,0.21149999999999997,11.6
469,1,1,6,1,412,0.0347,0.22819999999999996,12.3
47,2,10,12,9,413,0.04410000000000001,0.2696,13.2
470,1,1,0,0,414,0.0362,0.1968,10.2
471,1,1,0,0,415,0.0026000000000000007,0.0083,3.8
472,2,2,6,1,416,0.034,0.19289999999999996,11.6
473,1,4,4,3,417,0.013300000000000003,0.0907,8.1
474,2,3,4,3,418,0.0257,0.14009999999999997,9.7
475,2,2,6,1,419,0.034499999999999996,0.21000000000000002,13.2
476,1,1,11,1,420,0.0089,0.05199999999999999,8.4
477,1,1,5,1,421,0.0085,0.045099999999999994,5.3
478,1,1,6,1,422,0.0171,0.098,8.4
479,2,4,5,4,423,0.0213,0.1506,14.9
48,1,2,13,1,424,0.0205,0.1333,10.5
480,1,1,0,0,425,0.029300000000000003,0.1991,12.2
481,1,1,9,1,426,0.0387,0.2379,12.7
482,2,2,20,1,427,0.0356,0.2299,13.9
483,1,2,13,1,428,0.015600000000000003,0.0912,9.1
484,1,2,16,1,429,0.0334,0.23219999999999996,14.7
485,1,1,10,1,430,0.011300000000000001,0.07730000000000001,7.5
486,1,2,6,1,431,0.0154,0.08370000000000001,9.5
487,1,2,0,0,432,0.019500000000000003,0.1295,12.7
488,1,1,0,0,433,0.0154,0.0943,7.4
489,1,1,6,1,434,0.007800000000000001,0.043,6.9
49,2,4,10,4,435,0.0387,0.2628,14.7
490,1,1,4,1,436,0.029700000000000004,0.1764,11.6
491,1,1,4,1,437,0.014799999999999999,0.0725,8.2
492,2,2,7,2,438,0.0386,0.24349999999999997,15.9
493,1,2,5,1,439,0.021400000000000002,0.1293,9.1
494,1,1,6,1,440,0.0274,0.16389999999999996,10.1
495,1,1,0,0,441,0.014600000000000002,0.0809,7.8
496,1,2,0,0,442,0.0163,0.1142,7.8
497,1,2,8,1,443,0.0108,0.054400000000000004,8.3
498,2,2,4,2,444,0.035100000000000006,0.24749999999999997,13.6
499,2,3,6,3,445,0.008500000000000002,0.041800000000000004,6.7
5,2,6,32,5,446,0.046400000000000004,0.27409999999999995,12.9
50,1,1,19,1,447,0.038900000000000004,0.2279,11.5
500,2,2,7,2,448,0.0114,0.06720000000000001,8.1
501,1,1,0,0,449,0.0134,0.08130000000000001,9.4
502,1,2,6,1,450,0.0175,0.1263,11.0
503,1,1,0,0,451,0.016399999999999998,0.12189999999999998,9.8
504,2,2,0,0,452,0.0247,0.1659,10.7
505,1,2,0,0,453,0.0012000000000000001,0.0026999999999999997,3.3
506,1,1,0,0,454,0.0269,0.17379999999999998,11.4
507,1,2,0,0,455,0.014300000000000002,0.0898,6.4
508,1,2,5,1,456,0.0167,0.1081,9.3
509,1,1,0,0,457,0.015500000000000003,0.11529999999999999,9.3
51,2,7,11,7,458,0.0568,0.3393,16.1
510,1,1,0,0,459,0.006400000000000001,0.040900000000000006,6.9
511,1,1,4,1,460,0.0102,0.07,5.5
512,1,2,6,1,461,0.027700000000000002,0.1849,15.2
513,1,2,12,1,462,0.011300000000000001,0.0767,7.1
514,1,1,0,0,463,0.009600000000000001,0.0618,5.6
515,2,4,7,4,464,0.0279,0.20829999999999999,13.2
516,1,1,5,1,465,0.0205,0.14509999999999998,10.3
517,1,1,16,1,466,0.0413,0.2118,11.8
518,1,1,6,1,467,0.008300000000000002,0.05130000000000001,7.5
519,2,3,6,3,468,0.027500000000000004,0.13829999999999998,8.9
52,3,4,20,3,469,0.0208,0.12349999999999998,10.7
520,2,3,0,0,470,0.0374,0.2211,11.6
521,1,1,0,0,471,0.0026,0.0089,6.0
522,1,1,5,1,472,0.023600000000000003,0.14009999999999997,9.5
523,1,1,6,1,473,0.012300000000000002,0.079,8.9
524,1,2,16,2,474,0.033699999999999994,0.2319,14.9
525,1,1,19,1,475,0.0378,0.22559999999999997,11.3
526,1,2,4,1,476,0.011100000000000002,0.0727,9.4
527,1,1,5,1,477,0.012400000000000001,0.0709,6.6
528,2,2,6,1,478,0.029700000000000004,0.17509999999999998,12.3
529,1,3,0,0,479,0.0155,0.1075,8.8
53,2,10,13,9,480,0.0502,0.3292,16.2
530,3,4,7,3,481,0.022900000000000004,0.14100000000000001,11.8
531,1,1,9,1,482,0.013900000000000001,0.0757,8.0
532,1,1,10,1,483,0.0134,0.0947,8.9
533,2,3,5,3,484,0.0267,0.178,12.3
534,1,1,7,1,485,0.03660000000000001,0.2433,13.4
535,2,3,9,2,486,0.019700000000000002,0.12079999999999998,11.3
536,1,2,12,2,487,0.0086,0.04410000000000001,6.6
537,2,3,5,3,488,0.0060999999999999995,0.0212,7.5
538,2,3,5,2,489,0.0238,0.1473,10.8
539,2,2,0,0,490,0.025500000000000002,0.1874,11.4
54,1,2,24,2,491,0.0248,0.1734,11.4
540,1,1,0,0,492,0.011500000000000002,0.0651,8.6
541,2,3,11,2,493,0.0218,0.17120000000000002,13.1
542,1,1,7,1,494,0.0258,0.1744,9.8
543,1,3,0,0,495,0.014700000000000001,0.0887,6.5
544,1,1,5,1,496,0.0142,0.0893,8.3
545,1,2,9,1,497,0.019,0.09890000000000002,6.6
546,1,1,4,1,498,0.0161,0.1122,11.1
547,1,1,0,0,499,0.0034000000000000002,0.0164,7.3
548,1,1,11,1,500,0.0312,0.18859999999999996,11.6
549,1,1,4,1,501,0.0251,0.18019999999999997,12.4
55,2,3,4,1,502,0.0457,0.2889,17.5
550,1,2,0,0,503,0.014900000000000002,0.10259999999999998,9.0
551,1,3,5,3,504,0.0128,0.0725,8.2
552,2,4,6,2,505,0.013500000000000002,0.0937,9.9
553,1,2,0,0,506,0.0064,0.042100000000000005,6.2
554,1,1,4,1,507,0.0177,0.10300000000000001,8.1
555,1,1,6,1,508,0.0391,0.2263,13.3
556,2,2,8,1,509,0.006499999999999999,0.023,7.1
557,1,1,4,1,510,0.017,0.1006,9.1
558,1,1,6,1,511,0.020999999999999998,0.14600000000000002,9.3
559,1,3,5,1,512,0.023,0.15289999999999998,11.7
56,2,2,8,1,513,0.040900000000000006,0.2325,13.4
560,1,1,8,1,514,0.013600000000000001,0.07050000000000001,9.8
561,1,2,0,0,515,0.011300000000000001,0.0668,9.3
562,2,2,6,1,516,0.034999999999999996,0.2298,14.6
563,1,1,0,0,517,0.020200000000000003,0.12510000000000002,11.0
564,2,3,4,3,518,0.0036000000000000003,0.0098,5.2
565,1,1,0,0,519,0.0353,0.21400000000000002,11.7
566,1,1,0,0,520,0.006,0.0329,4.5
567,1,2,0,0,521,0.0167,0.0893,8.8
568,1,1,4,1,522,0.0105,0.08080000000000001,6.1
569,2,2,10,2,523,0.0393,0.23369999999999996,11.9
57,2,6,23,5,524,0.0375,0.2132,11.3
570,1,1,6,1,525,0.0323,0.1872,13.0
571,1,1,0,0,526,0.0028000000000000004,0.008900000000000002,4.9
572,1,1,5,1,527,0.029000000000000005,0.17619999999999997,10.2
573,1,2,5,1,528,0.0396,0.23739999999999997,12.5
574,3,3,16,3,529,0.04839999999999999,0.27809999999999996,13.3
575,2,2,4,2,530,0.0443,0.3494,19.4
576,1,1,13,1,531,0.0126,0.08780000000000002,9.1
577,2,2,0,0,532,0.0304,0.1891,10.3
578,1,2,0,0,533,0.0115,0.0769,7.9
579,1,2,0,0,534,0.0227,0.1295,8.9
58,2,5,11,4,535,0.0437,0.33740000000000003,16.2
580,1,1,0,0,536,0.008400000000000001,0.05,6.1
581,2,2,12,2,537,0.0164,0.1117,8.9
582,1,1,0,0,538,0.023700000000000002,0.15419999999999995,10.4
583,1,2,20,1,539,0.031,0.2061,13.3
584,1,1,4,1,540,0.022500000000000003,0.12479999999999998,8.5
585,1,1,0,0,541,0.016900000000000005,0.10379999999999998,9.2
586,2,2,16,2,542,0.012300000000000002,0.07740000000000001,10.3
587,1,1,5,1,543,0.029599999999999998,0.2193,15.6
588,1,2,0,0,544,0.0012000000000000001,0.0031000000000000003,3.7
589,2,3,8,1,545,0.009400000000000002,0.0491,7.9
59,2,5,17,4,546,0.017800000000000003,0.1035,8.8
590,1,1,0,0,547,0.0134,0.07020000000000001,6.2
591,1,3,6,1,548,0.007000000000000001,0.028000000000000004,6.6
592,2,2,5,2,549,0.0147,0.0748,7.6
593,2,2,4,2,550,0.024800000000000003,0.17919999999999997,13.4
594,1,1,11,1,551,0.015000000000000003,0.08940000000000001,7.7
595,1,2,0,0,552,0.032,0.18039999999999998,11.4
596,1,1,13,1,553,0.003400000000000001,0.012100000000000001,5.4
597,1,1,5,1,554,0.012199999999999999,0.06230000000000001,9.4
598,1,1,6,1,555,0.0179,0.12589999999999996,10.1
599,1,1,0,0,556,0.0114,0.0661,7.2
6,3,12,37,9,557,0.054299999999999994,0.32989999999999997,14.1
60,2,7,4,3,558,0.030300000000000004,0.19019999999999998,12.9
600,1,2,0,0,559,0.0019,0.0075000000000000015,5.6
601,2,2,0,0,560,0.039700000000000006,0.2172,12.8
602,1,1,12,1,561,0.0204,0.1594,11.4
603,1,3,7,1,562,0.0187,0.1426,11.2
604,2,2,5,1,563,0.0182,0.1427,11.4
605,1,1,0,0,564,0.0064,0.028100000000000003,6.0
606,2,3,4,3,565,0.0020000000000000005,0.005300000000000001,4.8
607,1,1,0,0,566,0.008700000000000001,0.0503,5.2
608,1,1,4,1,567,0.0079,0.045700000000000005,6.0
609,1,2,5,1,568,0.0024000000000000002,0.007600000000000001,5.1
61,2,6,11,3,569,0.0316,0.219,13.2
610,1,1,14,1,570,0.0193,0.1261,10.0
611,1,1,0,0,571,0.011100000000000002,0.0759,7.3
612,2,3,4,2,572,0.0024999999999999996,0.009600000000000001,6.7
613,1,1,0,0,573,0.0085,0.052000000000000005,7.5
614,1,1,6,1,574,0.0182,0.13970000000000002,10.9
615,1,1,11,1,575,0.0099,0.05740000000000001,10.0
616,1,2,0,0,576,0.010700000000000001,0.0739,9.1
617,1,1,6,1,577,0.009600000000000001,0.0613,7.4
618,1,1,0,0,578,0.009400000000000002,0.06490000000000001,9.5
619,2,2,0,0,579,0.0039,0.013800000000000002,5.4
62,2,3,22,3,580,0.018300000000000004,0.09400000000000001,9.2
620,1,1,16,1,581,0.020700000000000003,0.1257,11.3
621,2,3,4,2,582,0.004100000000000001,0.0132,5.4
622,1,2,11,1,583,0.0219,0.1331,8.6
623,1,1,0,0,584,0.0022000000000000006,0.0075000000000000015,5.4
624,1,1,8,1,585,0.0211,0.14159999999999998,9.4
625,1,2,0,0,586,0.0068000000000000005,0.034300000000000004,5.4
626,1,2,0,0,587,0.011800000000000001,0.053000000000000005,5.3
627,1,1,0,0,588,0.0179,0.13409999999999994,9.6
628,1,1,0,0,589,0.0083,0.0444,5.3
629,1,2,4,1,590,0.017599999999999998,0.1302,9.7
63,2,5,11,4,591,0.0365,0.23490000000000003,13.1
630,1,1,0,0,592,0.0132,0.08680000000000002,8.6
631,1,1,5,1,593,0.0332,0.19149999999999995,11.8
632,1,3,0,0,594,0.005,0.020700000000000003,7.0
633,1,3,0,0,595,0.017900000000000003,0.1352,10.6
634,1,2,0,0,596,0.012199999999999999,0.1044,9.0
635,1,2,16,1,597,0.0534,0.2946,15.0
636,1,2,0,0,598,0.006,0.0404,7.1
637,3,5,16,5,599,0.033600000000000005,0.23880000000000004,15.1
638,2,3,4,2,600,0.0248,0.187,14.5
639,1,1,19,1,601,0.0428,0.2646,12.3
64,2,3,10,2,602,0.0442,0.2975,15.3
640,1,1,6,1,603,0.0305,0.2246,12.0
641,1,1,5,1,604,0.008400000000000001,0.039400000000000004,8.2
642,1,1,0,0,605,0.020800000000000003,0.12329999999999999,8.9
643,1,2,0,0,606,0.011700000000000002,0.0775,9.8
644,1,2,0,0,607,0.0112,0.055600000000000004,8.1
645,1,1,0,0,608,0.0264,0.215,12.6
646,2,2,5,2,609,0.005300000000000001,0.0239,6.2
647,1,1,0,0,610,0.0123,0.0857,8.6
648,1,1,0,0,611,0.0013000000000000004,0.0026,3.3
649,1,2,13,1,612,0.015900000000000004,0.10979999999999998,10.8
65,2,3,10,3,613,0.0204,0.13609999999999997,11.1
650,1,6,6,5,614,0.0182,0.09970000000000001,7.6
651,2,2,5,2,615,0.014000000000000002,0.07970000000000001,11.0
652,1,1,0,0,616,0.0024000000000000002,0.013000000000000001,4.8
653,2,3,0,0,617,0.020499999999999997,0.1105,8.8
654,1,1,10,1,618,0.0361,0.21800000000000003,12.2
655,1,1,0,0,619,0.008100000000000001,0.0385,5.0
656,1,1,0,0,620,0.024700000000000003,0.14489999999999997,11.8
657,1,1,0,0,621,0.008400000000000001,0.0398,4.4
658,1,1,0,0,622,0.0109,0.083,7.3
659,3,4,9,4,623,0.025000000000000005,0.14709999999999998,13.6
66,2,5,20,5,624,0.06570000000000001,0.3547,15.3
660,1,2,6,1,625,0.0274,0.1807,10.9
661,1,1,11,1,626,0.020200000000000003,0.1297,10.8
662,1,1,5,1,627,0.010400000000000001,0.05620000000000001,5.6
663,1,1,5,1,628,0.03949999999999999,0.2673,14.6
664,2,2,6,1,629,0.0316,0.179,10.9
665,2,3,4,3,630,0.022800000000000004,0.1622,11.9
666,2,3,0,0,631,0.0068000000000000005,0.0376,6.3
667,2,2,0,0,632,0.010700000000000001,0.0615,7.3
668,2,2,6,2,633,0.024,0.1323,10.5
669,2,2,4,1,634,0.046,0.2893,14.9
67,2,3,8,3,635,0.034,0.18919999999999995,11.3
670,2,4,8,4,636,0.0204,0.152,11.9
671,1,1,0,0,637,0.012100000000000003,0.082,8.7
672,2,3,4,3,638,0.0153,0.085,11.8
673,2,3,14,1,639,0.024200000000000003,0.19569999999999999,12.5
674,1,1,0,0,640,0.0191,0.13349999999999998,10.0
675,1,1,0,0,641,0.0022,0.0066,4.5
676,2,3,5,2,642,0.016300000000000002,0.1157,9.8
677,1,1,5,1,643,0.0232,0.18359999999999996,11.7
678,1,2,5,1,644,0.020200000000000003,0.14550000000000002,10.2
679,1,1,5,1,645,0.027399999999999997,0.17359999999999998,12.6
68,1,2,19,1,646,0.0439,0.25799999999999995,12.1
680,1,2,6,1,647,0.028700000000000003,0.18209999999999998,13.1
681,1,1,0,0,648,0.0137,0.0736,8.5
682,1,1,5,1,649,0.040999999999999995,0.2728,12.5
683,2,2,0,0,650,0.0159,0.10069999999999998,8.6
684,1,1,6,1,651,0.0328,0.2082,11.2
685,1,1,13,1,652,0.0309,0.17129999999999992,8.9
686,1,1,13,1,653,0.028200000000000003,0.19809999999999997,13.1
687,1,1,6,1,654,0.0243,0.15740000000000004,10.3
688,1,2,4,2,655,0.0172,0.087,6.8
689,1,2,5,1,656,0.022700000000000005,0.13799999999999998,9.0
69,2,4,9,3,657,0.04309999999999999,0.27809999999999996,15.0
690,1,1,7,1,658,0.0245,0.1538,10.8
691,1,1,9,1,659,0.0499,0.3265,15.7
692,1,1,6,1,660,0.025,0.16609999999999997,11.6
693,2,2,6,2,661,0.045399999999999996,0.2951,14.2
694,1,1,0,0,662,0.009600000000000001,0.0629,7.7
695,1,2,0,0,663,0.014299999999999998,0.0811,7.1
696,1,1,5,1,664,0.0061,0.034100000000000005,8.0
697,1,1,0,0,665,0.0103,0.0669,8.0
698,1,1,8,1,666,0.013300000000000001,0.07110000000000001,6.9
699,1,1,5,1,667,0.020200000000000003,0.1491,12.8
7,2,7,10,5,668,0.046299999999999994,0.3004,14.3
70,2,4,15,4,669,0.029199999999999997,0.21849999999999997,13.9
700,1,1,4,1,670,0.019899999999999998,0.1385,11.1
701,1,2,0,0,671,0.0077,0.036,6.5
702,1,2,0,0,672,0.0122,0.0931,9.0
703,2,2,5,1,673,0.04139999999999999,0.2609,15.2
704,1,2,0,0,674,0.0025,0.008400000000000001,5.0
705,1,1,0,0,675,0.027200000000000002,0.1423,8.2
706,1,2,0,0,676,0.020800000000000003,0.1396,10.0
707,1,1,4,1,677,0.0017000000000000001,0.0033,3.3
708,2,2,4,2,678,0.0137,0.0879,10.1
709,1,1,4,1,679,0.011100000000000002,0.0683,8.8
71,2,2,7,2,680,0.0416,0.32060000000000005,17.9
710,1,1,0,0,681,0.0049,0.0481,6.6
711,2,2,4,1,682,0.029000000000000005,0.18989999999999999,10.8
712,1,3,4,1,683,0.013300000000000001,0.0787,9.2
713,1,2,14,1,684,0.0299,0.1931,14.2
714,2,2,4,2,685,0.0303,0.19829999999999998,12.7
715,1,2,0,0,686,0.0075000000000000015,0.031,4.9
716,1,1,0,0,687,0.007300000000000001,0.041600000000000005,7.8
717,1,1,9,1,688,0.0058,0.0184,5.5
718,2,2,4,2,689,0.014500000000000002,0.098,10.4
719,1,1,0,0,690,0.0254,0.1882,13.6
72,2,9,8,7,691,0.0159,0.0969,10.3
720,1,1,4,1,692,0.0348,0.20709999999999998,12.4
721,1,1,0,0,693,0.005700000000000001,0.041600000000000005,5.2
722,1,1,0,0,694,0.0131,0.0747,7.1
723,2,2,0,0,695,0.013600000000000001,0.0765,7.0
724,1,1,0,0,696,0.0055,0.037,5.0
725,1,1,6,1,697,0.029200000000000004,0.18439999999999995,13.0
726,1,1,0,0,698,0.0029000000000000007,0.0088,4.5
727,1,1,0,0,699,0.0032,0.01,4.6
728,3,3,9,3,700,0.017300000000000003,0.10060000000000002,11.7
729,1,1,14,1,701,0.006,0.0405,5.0
73,1,2,7,1,702,0.013900000000000001,0.08409999999999998,7.9
730,1,1,5,1,703,0.0166,0.1089,7.8
731,1,2,4,1,704,0.006900000000000001,0.034100000000000005,8.2
732,1,2,4,1,705,0.0347,0.22209999999999996,10.9
733,1,1,11,1,706,0.011400000000000002,0.09040000000000001,6.6
734,1,1,7,1,707,0.027000000000000003,0.1807,13.4
735,1,1,0,0,708,0.0103,0.05620000000000001,6.3
736,1,2,4,1,709,0.0167,0.10200000000000001,7.4
737,1,1,8,1,710,0.021800000000000003,0.1389,9.5
738,1,3,0,0,711,0.0171,0.0911,7.2
739,1,1,0,0,712,0.0428,0.25129999999999997,14.2
74,2,2,8,2,713,0.0267,0.18109999999999998,12.6
740,1,2,5,1,714,0.0316,0.1696,10.2
741,1,2,6,1,715,0.0161,0.08990000000000001,8.6
742,2,2,4,2,716,0.01,0.0829,8.0
743,1,1,0,0,717,0.0071,0.0397,7.2
744,1,1,0,0,718,0.0505,0.2905,13.2
745,1,1,0,0,719,0.0012000000000000003,0.0026000000000000007,3.2
746,1,1,14,1,720,0.028000000000000004,0.1627,12.7
747,1,1,10,1,721,0.0511,0.3544,19.9
748,1,2,20,1,722,0.0304,0.20629999999999998,13.1
749,1,1,0,0,723,0.0123,0.0896,10.6
75,2,7,6,5,724,0.038,0.23969999999999997,14.0
750,1,1,0,0,725,0.008000000000000002,0.049100000000000005,6.5
751,1,2,0,0,726,0.011900000000000003,0.08610000000000001,10.0
752,1,1,0,0,727,0.0018000000000000002,0.007200000000000001,5.9
753,1,1,4,1,728,0.028000000000000004,0.16429999999999995,10.0
754,1,1,4,1,729,0.0036999999999999997,0.0126,5.9
755,1,1,12,1,730,0.017599999999999998,0.10110000000000001,8.4
756,1,1,4,1,731,0.013300000000000001,0.0728,6.0
757,1,2,0,0,732,0.0071,0.0387,7.1
758,1,1,0,0,733,0.021,0.1477,11.4
759,1,1,4,1,734,0.020900000000000002,0.1517,13.0
76,1,3,13,3,735,0.019799999999999998,0.10500000000000001,11.4
760,1,1,0,0,736,0.007700000000000001,0.046200000000000005,5.2
761,1,1,0,0,737,0.0213,0.13779999999999998,9.4
762,1,1,4,1,738,0.011500000000000002,0.0794,7.4
763,1,1,4,1,739,0.015000000000000003,0.0968,8.4
764,1,1,6,1,740,0.0175,0.1014,11.0
765,2,2,0,0,741,0.0329,0.2338,14.3
766,1,1,4,1,742,0.0159,0.10899999999999999,10.6
767,1,1,4,1,743,0.0164,0.0921,9.4
768,1,1,10,1,744,0.012100000000000001,0.0919,7.9
769,1,1,0,0,745,0.011800000000000001,0.08120000000000001,8.5
77,2,5,22,5,746,0.023700000000000002,0.1613,12.6
770,2,2,6,1,747,0.0484,0.3175,16.5
771,1,1,0,0,748,0.0034000000000000002,0.013800000000000002,5.1
772,2,2,0,0,749,0.0029000000000000007,0.012,7.5
773,2,2,4,2,750,0.0149,0.1051,10.6
774,1,2,0,0,751,0.006000000000000001,0.046,5.6
775,1,1,5,1,752,0.0019000000000000002,0.0056000000000000025,4.0
776,1,1,0,0,753,0.0013000000000000004,0.0024000000000000002,2.8
777,1,1,0,0,754,0.013800000000000002,0.0859,7.5
778,1,1,0,0,755,0.011100000000000002,0.0854,9.3
779,1,1,0,0,756,0.0267,0.1659,12.2
78,2,3,5,1,757,0.04450000000000001,0.269,16.6
780,2,3,0,0,758,0.0301,0.17060000000000003,12.5
781,3,3,7,3,759,0.0177,0.1061,11.3
782,2,2,9,2,760,0.0387,0.31489999999999996,19.2
783,2,2,0,0,761,0.0273,0.14699999999999996,9.3
784,1,1,0,0,762,0.0013,0.003,3.6
785,1,1,4,1,763,0.0422,0.2973,15.7
786,2,4,4,2,764,0.0233,0.1206,8.9
787,2,2,4,2,765,0.017599999999999998,0.11069999999999998,9.3
788,1,1,0,0,766,0.0066,0.029000000000000005,5.3
789,2,4,13,4,767,0.023400000000000004,0.14880000000000002,13.6
79,2,4,11,2,768,0.013300000000000001,0.06010000000000001,7.4
790,1,1,6,1,769,0.007000000000000001,0.030000000000000006,5.6
791,1,1,0,0,770,0.0167,0.10389999999999996,7.4
792,1,2,20,1,771,0.0243,0.1678,11.1
793,1,1,0,0,772,0.017599999999999998,0.10400000000000001,8.4
794,1,2,4,1,773,0.005400000000000001,0.0396,5.5
795,1,1,4,1,774,0.021,0.11119999999999997,8.5
796,1,1,0,0,775,0.013500000000000002,0.0775,9.5
797,1,1,9,1,776,0.019399999999999997,0.09880000000000001,6.8
798,2,2,5,2,777,0.0423,0.25149999999999995,12.3
799,1,1,8,1,778,0.017,0.10829999999999998,9.2
8,3,6,19,6,779,0.0561,0.3283,15.7
80,2,3,11,1,780,0.025500000000000002,0.1853,14.0
800,1,1,13,1,781,0.027600000000000003,0.16709999999999997,9.6
801,1,2,4,1,782,0.015900000000000004,0.09680000000000001,10.3
802,1,1,6,1,783,0.015300000000000003,0.0926,6.7
803,1,2,0,0,784,0.0344,0.19639999999999996,13.1
804,1,1,4,1,785,0.0071,0.044599999999999994,7.0
805,3,3,7,3,786,0.006900000000000001,0.034100000000000005,7.2
806,1,1,0,0,787,0.005600000000000001,0.0256,7.6
807,1,1,0,0,788,0.007400000000000001,0.04580000000000001,7.1
808,2,3,6,1,789,0.027000000000000003,0.1736,12.8
809,1,1,0,0,790,0.0111,0.05700000000000001,7.4
81,2,4,26,3,791,0.044,0.2632,12.7
810,1,2,0,0,792,0.0177,0.1232,10.0
811,1,1,0,0,793,0.0187,0.1256,9.5
812,1,1,0,0,794,0.0119,0.0727,6.3
813,1,1,13,1,795,0.0344,0.19529999999999997,8.8
814,1,1,0,0,796,0.014600000000000002,0.1,12.4
815,1,1,0,0,797,0.004000000000000001,0.0169,5.1
816,3,4,6,4,798,0.05,0.3504,17.6
817,1,1,0,0,799,0.017700000000000004,0.0975,9.2
818,1,1,0,0,800,0.0182,0.09980000000000001,9.1
819,1,1,6,1,801,0.030699999999999998,0.1918,10.8
82,2,5,11,5,802,0.0358,0.22970000000000002,13.4
820,2,4,8,2,803,0.0211,0.12050000000000001,11.6
821,1,1,5,1,804,0.019500000000000003,0.13319999999999999,11.5
822,1,1,5,1,805,0.014400000000000001,0.10289999999999999,9.7
823,1,1,5,1,806,0.006900000000000001,0.043300000000000005,5.5
824,1,1,0,0,807,0.0119,0.09200000000000001,9.1
825,1,1,0,0,808,0.0087,0.0541,6.6
826,1,2,0,0,809,0.011800000000000001,0.0636,7.1
827,1,1,7,1,810,0.017100000000000004,0.11449999999999998,8.7
828,1,1,0,0,811,0.0079,0.045700000000000005,5.9
829,1,1,0,0,812,0.0124,0.07460000000000001,6.0
83,1,1,0,0,813,0.028700000000000003,0.17399999999999993,10.1
830,1,2,4,1,814,0.0034000000000000002,0.0126,5.4
831,1,1,0,0,815,0.0126,0.08760000000000001,8.9
832,1,1,0,0,816,0.0021999999999999997,0.0092,6.4
833,1,1,0,0,817,0.010900000000000002,0.0674,7.3
834,1,1,0,0,818,0.0228,0.14199999999999996,10.0
835,1,1,0,0,819,0.028100000000000003,0.19799999999999995,11.5
836,1,1,0,0,820,0.0014000000000000006,0.0025000000000000005,2.9
837,1,1,0,0,821,0.027500000000000004,0.16540000000000002,10.0
838,1,1,0,0,822,0.010500000000000002,0.054900000000000004,8.3
839,1,1,10,1,823,0.0182,0.1495,11.6
84,2,3,5,3,824,0.0171,0.08550000000000002,10.4
840,1,1,0,0,825,0.0256,0.18130000000000002,11.3
841,1,1,8,1,826,0.035699999999999996,0.21379999999999993,13.0
842,1,1,6,1,827,0.0279,0.20939999999999998,15.1
843,1,2,0,0,828,0.015900000000000004,0.0777,8.0
844,1,1,9,1,829,0.0261,0.13909999999999997,8.3
845,1,1,14,1,830,0.019400000000000004,0.11599999999999999,9.6
846,3,3,33,2,831,0.0591,0.33720000000000006,14.6
847,2,2,0,0,832,0.006500000000000001,0.0386,7.1
848,1,1,0,0,833,0.0173,0.1339,9.8
849,1,1,0,0,834,0.0082,0.0522,6.8
85,2,2,8,2,835,0.023600000000000003,0.1556,13.4
850,1,2,16,1,836,0.0109,0.07210000000000001,8.4
851,1,1,0,0,837,0.020700000000000003,0.13479999999999998,9.0
852,1,1,4,1,838,0.023400000000000004,0.1296,9.6
853,1,2,0,0,839,0.0046,0.018500000000000003,5.6
854,1,1,4,1,840,0.0314,0.19449999999999998,11.5
855,1,1,6,1,841,0.0171,0.10090000000000002,7.5
856,2,2,0,0,842,0.009800000000000003,0.047700000000000006,8.4
857,1,1,4,1,843,0.017100000000000004,0.1005,7.9
858,1,1,0,0,844,0.0391,0.24490000000000003,13.5
859,1,2,0,0,845,0.008700000000000001,0.05720000000000001,8.3
86,2,5,13,5,846,0.024600000000000004,0.1658,11.6
860,1,1,0,0,847,0.0105,0.059699999999999996,7.0
861,1,1,14,1,848,0.028099999999999997,0.19229999999999997,12.8
862,1,1,6,1,849,0.034300000000000004,0.17980000000000002,11.6
863,2,3,13,3,850,0.0322,0.23520000000000002,16.5
864,1,1,0,0,851,0.0167,0.09609999999999999,7.7
865,1,1,4,1,852,0.0018000000000000002,0.004600000000000002,3.3
866,1,1,0,0,853,0.006900000000000001,0.0528,6.1
867,1,1,0,0,854,0.0327,0.20180000000000003,11.8
868,1,1,6,1,855,0.023700000000000006,0.1742,13.0
869,1,1,6,1,856,0.0164,0.12369999999999999,9.1
87,1,2,5,2,857,0.009200000000000003,0.046200000000000005,7.0
870,1,1,0,0,858,0.011800000000000001,0.07880000000000001,6.1
871,2,2,12,2,859,0.023700000000000002,0.15860000000000002,11.5
872,1,1,8,1,860,0.019,0.1061,7.1
873,2,2,11,2,861,0.0114,0.0446,8.6
874,2,2,0,0,862,0.004,0.0159,5.4
875,1,1,4,1,863,0.0211,0.17079999999999998,11.8
876,1,1,0,0,864,0.0036,0.0155,5.6
877,1,1,0,0,865,0.0033,0.0159,5.5
878,1,1,0,0,866,0.0166,0.1137,9.4
879,3,4,14,4,867,0.0262,0.18059999999999998,15.1
88,1,3,7,2,868,0.017099999999999997,0.11079999999999998,10.1
880,1,1,0,0,869,0.0122,0.0752,6.1
881,1,1,0,0,870,0.007700000000000001,0.036500000000000005,6.0
882,1,1,4,1,871,0.005900000000000001,0.030100000000000005,7.4
883,1,1,0,0,872,0.007200000000000001,0.045399999999999996,6.2
884,2,2,7,2,873,0.0259,0.15489999999999998,11.2
885,1,1,6,1,874,0.028600000000000004,0.18569999999999998,11.2
886,1,1,0,0,875,0.0172,0.11709999999999995,9.2
887,1,1,6,1,876,0.0156,0.0956,6.3
888,1,1,0,0,877,0.006900000000000001,0.045,5.1
889,1,1,4,1,878,0.0091,0.05669999999999999,7.0
89,2,3,17,3,879,0.0182,0.11610000000000001,9.0
890,3,3,42,3,880,0.041,0.2607,13.8
891,1,1,0,0,881,0.031,0.209,11.5
892,1,1,0,0,882,0.005800000000000001,0.0257,5.8
893,1,2,0,0,883,0.017400000000000002,0.1065,7.8
894,1,1,0,0,884,0.0094,0.0624,6.1
895,1,1,0,0,885,0.0105,0.0653,10.3
896,1,1,4,1,886,0.0086,0.0506,6.1
897,1,2,0,0,887,0.004300000000000001,0.015200000000000002,4.8
898,1,1,0,0,888,0.0061,0.038400000000000004,5.6
899,1,1,0,0,889,0.027100000000000003,0.17389999999999997,11.1
9,2,5,23,5,890,0.0324,0.22880000000000003,13.4
90,2,4,4,3,891,0.0312,0.1927,11.4
900,1,1,0,0,892,0.015300000000000003,0.09570000000000001,11.0
901,1,1,0,0,893,0.0048000000000000004,0.0344,5.3
902,1,1,0,0,894,0.006500000000000001,0.0436,5.7
903,1,1,0,0,895,0.005900000000000001,0.028900000000000002,7.2
904,1,1,6,1,896,0.0103,0.054000000000000006,6.6
905,1,1,0,0,897,0.022600000000000002,0.1423,9.4
906,1,1,11,1,898,0.0189,0.1254,9.3
907,2,2,0,0,899,0.0155,0.1069,8.5
908,2,2,5,1,900,0.009500000000000001,0.050400000000000014,7.6
909,1,1,0,0,901,0.0048000000000000004,0.038400000000000004,6.3
91,2,6,16,6,902,0.036500000000000005,0.25939999999999996,15.8
910,1,1,0,0,903,0.024,0.1553,10.0
911,1,2,6,1,904,0.0099,0.0497,9.6
912,1,1,0,0,905,0.0065000000000000014,0.034,6.8
913,1,1,11,1,906,0.0155,0.1122,11.1
914,1,1,0,0,907,0.0117,0.08070000000000001,6.2
915,1,1,0,0,908,0.016300000000000002,0.0906,9.0
916,1,1,4,1,909,0.0243,0.1713,12.1
917,1,1,0,0,910,0.0105,0.0704,7.3
918,1,2,6,1,911,0.0158,0.09280000000000001,8.8
919,1,1,0,0,912,0.03269999999999999,0.178,11.3
92,2,6,11,5,913,0.0456,0.2669,12.3
920,1,1,0,0,914,0.0306,0.1897,11.1
921,1,1,0,0,915,0.006,0.044700000000000004,5.6
922,1,1,0,0,916,0.0187,0.11129999999999995,8.3
923,1,1,0,0,917,0.0028000000000000004,0.011699999999999999,5.6
924,1,1,9,1,918,0.0037000000000000006,0.010900000000000002,5.0
925,2,2,7,2,919,0.024100000000000003,0.17099999999999999,13.1
926,2,2,4,2,920,0.008400000000000001,0.040900000000000006,6.3
927,2,2,0,0,921,0.022200000000000004,0.164,10.0
928,2,2,4,2,922,0.015000000000000003,0.08990000000000001,13.0
929,1,1,0,0,923,0.027100000000000003,0.15530000000000002,9.2
93,2,6,21,6,924,0.034100000000000005,0.24509999999999996,16.1
930,1,1,4,1,925,0.0083,0.0539,7.4
931,1,1,4,1,926,0.0127,0.07289999999999999,7.2
932,1,1,5,1,927,0.0312,0.18589999999999998,10.3
933,1,2,6,1,928,0.011800000000000001,0.0869,7.7
934,1,1,9,1,929,0.0344,0.2259,13.9
935,1,2,0,0,930,0.004700000000000001,0.017,5.6
936,1,1,0,0,931,0.015300000000000003,0.09019999999999999,7.5
937,1,1,7,1,932,0.0188,0.11829999999999999,8.2
938,1,1,0,0,933,0.014900000000000002,0.10170000000000001,13.0
939,2,2,6,2,934,0.029500000000000005,0.18150000000000002,12.4
94,2,5,11,5,935,0.03679999999999999,0.27429999999999993,15.4
940,1,2,0,0,936,0.003600000000000001,0.014300000000000002,4.3
941,1,1,0,0,937,0.0012000000000000003,0.0028,3.6
942,1,1,11,1,938,0.011200000000000002,0.07010000000000002,10.0
943,1,1,8,1,939,0.023600000000000003,0.1692,10.6
944,1,1,13,1,940,0.011900000000000003,0.07870000000000002,8.4
945,1,1,0,0,941,0.0126,0.0863,11.6
946,1,1,0,0,942,0.0015000000000000002,0.0036000000000000003,4.1
947,1,1,0,0,943,0.008400000000000001,0.045,5.9
948,1,1,0,0,944,0.0315,0.1813,11.2
949,2,2,8,2,945,0.028500000000000004,0.16299999999999998,13.1
95,2,5,9,4,946,0.0619,0.3481,14.9
950,1,1,0,0,947,0.017800000000000003,0.10179999999999997,7.6
951,3,3,6,3,948,0.023,0.1435,9.7
952,1,1,6,1,949,0.0201,0.118,8.5
953,2,2,0,0,950,0.019200000000000002,0.1492,10.4
954,1,1,6,1,951,0.0219,0.1333,10.0
955,1,1,0,0,952,0.0121,0.0779,9.1
956,1,1,0,0,953,0.0213,0.1404,10.6
957,2,2,12,2,954,0.0392,0.2859,17.1
958,1,1,0,0,955,0.005700000000000001,0.030100000000000005,4.7
959,1,1,4,1,956,0.019100000000000002,0.1484,12.5
96,1,2,4,2,957,0.0252,0.1766,12.3
960,1,1,6,1,958,0.011200000000000002,0.0634,6.4
961,2,2,5,1,959,0.010600000000000002,0.07050000000000001,9.4
962,1,1,5,1,960,0.0129,0.0805,8.0
963,1,1,0,0,961,0.0037000000000000006,0.015000000000000003,5.8
964,1,1,0,0,962,0.0191,0.10639999999999997,7.0
965,2,2,0,0,963,0.013900000000000001,0.08280000000000001,7.3
966,1,1,4,1,964,0.007200000000000001,0.0431,9.2
967,2,2,20,1,965,0.0326,0.22080000000000002,13.6
968,1,1,0,0,966,0.016300000000000002,0.0903,7.6
969,2,3,9,3,967,0.0225,0.1517,11.0
97,2,3,9,3,968,0.0492,0.32139999999999996,15.3
970,1,1,0,0,969,0.0091,0.057300000000000004,9.3
971,1,1,0,0,970,0.020200000000000003,0.1139,7.0
972,1,1,0,0,971,0.038,0.22679999999999997,11.9
973,2,2,0,0,972,0.0134,0.08009999999999999,7.1
974,1,1,0,0,973,0.0187,0.1145,9.9
975,2,2,5,2,974,0.0162,0.10499999999999998,9.8
976,2,2,10,1,975,0.0391,0.24630000000000002,15.1
977,2,2,0,0,976,0.028500000000000004,0.2043,12.3
978,1,1,7,1,977,0.030600000000000006,0.2096,13.1
979,2,2,4,2,978,0.012,0.073,8.9
98,2,8,20,7,979,0.045099999999999994,0.3268,18.0
980,2,2,4,2,980,0.0111,0.06290000000000001,8.7
981,1,1,0,0,981,0.0157,0.0954,8.4
982,1,1,0,0,982,0.0087,0.05789999999999999,6.4
983,1,1,0,0,983,0.016800000000000002,0.12179999999999999,12.7
984,1,1,0,0,984,0.0183,0.0984,8.3
985,1,1,0,0,985,0.0015000000000000002,0.005200000000000001,4.8
986,1,1,0,0,986,0.0055000000000000005,0.0377,5.3
987,1,1,0,0,987,0.0257,0.1526,9.0
988,1,1,0,0,988,0.0051,0.0363,5.6
989,1,1,6,1,989,0.0108,0.0617,6.2
99,2,3,12,2,990,0.0137,0.08420000000000001,9.2
990,1,1,0,0,991,0.008,0.0478,6.3
991,1,1,0,0,992,0.0022000000000000006,0.0079,4.2
992,1,1,0,0,993,0.0020000000000000005,0.005900000000000001,4.5
993,1,1,4,1,994,0.021200000000000004,0.1197,10.9
994,3,3,14,3,995,0.0376,0.2551,18.1
995,2,2,5,2,996,0.0031000000000000003,0.0099,5.9
996,1,1,0,0,997,0.010900000000000002,0.066,9.5
997,1,1,6,1,998,0.0115,0.0677,7.9
998,1,1,0,0,999,0.021700000000000004,0.1455,8.4
999,1,1,6,1,1000,0.0127,0.0872,7.9
