"node_name","k_shell","degree","community_centrality","num_clusters","node","peak_infection","total_infection","outbreak_duration","communities_louvain"
1,3,11,19,8,1,0.0594,0.3195,14,2
10,2,9,10,9,2,0.0243,0.1841,11.4,3
100,2,4,16,4,3,0.0187,0.112,10.4,0
1000,1,1,4,1,4,0.0206,0.1402,9.7,0
101,2,4,14,4,5,0.0243,0.1792,13.9,1
102,2,4,9,3,6,0.0513,0.2883,13.8,1
103,2,5,12,5,7,0.0265,0.1814,10.7,2
104,1,2,7,2,8,0.0356,0.2211,11.9,0
105,2,4,8,4,9,0.0111,0.065,8.3,1
106,1,2,6,1,10,0.0142,0.0884,9.6,0
107,3,8,16,8,11,0.021,0.139,11.7,2
108,2,7,8,7,12,0.0146,0.0839,8.9,1
109,2,3,10,3,13,0.0269,0.1611,10.8,1
11,2,5,22,3,14,0.0253,0.1277,10.5,1
110,2,5,7,5,15,0.0234,0.1542,10.9,1
111,2,5,10,5,16,0.0323,0.2371,14.8,1
112,1,1,0,0,17,0.043,0.2753,14.6,0
113,3,4,20,4,18,0.0442,0.3311,17.1,1
114,1,1,0,0,19,0.0031,0.0085,4.3,0
115,2,4,13,4,20,0.0231,0.168,12.6,1
116,2,7,8,7,21,0.0301,0.1607,9.5,2
117,2,5,5,4,22,0.0276,0.1513,11.1,1
118,2,6,6,5,23,0.025,0.1578,11.5,1
119,2,5,9,4,24,0.0231,0.154,12.2,1
12,1,2,10,1,25,0.022,0.1333,10.6,0
120,2,5,23,5,26,0.0257,0.1917,13.1,1
121,2,3,9,2,27,0.0491,0.2723,13.7,1
122,1,2,7,1,28,0.0321,0.1874,10.6,0
123,2,4,7,4,29,0.0361,0.2267,12.6,1
124,1,5,6,5,30,0.0181,0.1194,11,0
125,2,5,12,4,31,0.0259,0.1765,12.1,2
126,2,6,12,6,32,0.0122,0.0615,8.8,1
127,2,5,4,3,33,0.0402,0.2628,14.3,1
128,1,2,5,1,34,0.0226,0.1247,8,0
129,2,3,8,3,35,0.0317,0.1972,13.3,1
13,2,3,17,2,36,0.0182,0.1086,9.2,0
130,2,5,14,5,37,0.0263,0.17,15.3,1
131,2,5,6,5,38,0.0537,0.3184,16.4,1
132,2,3,8,1,39,0.0251,0.1667,13.6,1
133,2,6,14,4,40,0.0451,0.3024,14.4,2
134,3,4,6,3,41,0.0312,0.1985,11.8,1
135,1,3,0,0,42,0.0402,0.2299,12.5,0
136,2,5,14,5,43,0.0236,0.1934,13.5,1
137,1,3,9,3,44,0.0423,0.2426,11.5,0
138,2,4,5,4,45,0.0209,0.1257,10.1,1
139,2,2,10,1,46,0.0279,0.155,11.9,1
14,2,3,0,0,47,0.0252,0.161,11.6,1
140,2,4,10,4,48,0.0475,0.3468,17.4,1
141,2,7,11,7,49,0.0158,0.1195,13.5,2
142,1,4,5,4,50,0.0178,0.1283,11.4,0
143,1,3,10,3,51,0.0124,0.0833,8.6,0
144,2,3,7,3,52,0.043,0.2567,14.7,1
145,2,7,6,5,53,0.0385,0.2858,14.4,2
146,2,4,19,4,54,0.0104,0.0581,7.9,1
147,2,7,6,5,55,0.0296,0.1766,12,3
148,2,3,20,1,56,0.0253,0.1888,14.4,1
149,2,3,11,3,57,0.0119,0.0749,10.5,1
15,3,10,22,9,58,0.052,0.3164,14.8,3
150,2,2,4,2,59,0.0131,0.0774,8.7,1
151,3,6,16,6,60,0.0168,0.1111,11.4,2
152,1,2,4,2,61,0.0092,0.0471,6.5,0
153,2,4,5,4,62,0.0197,0.1258,9.8,2
154,2,3,4,1,63,0.0287,0.2096,13.6,1
155,2,4,10,4,64,0.0293,0.1656,12.4,0
156,2,3,11,3,65,0.0425,0.259,15,1
157,3,5,16,5,66,0.0241,0.1533,12.7,2
158,2,2,5,2,67,0.0264,0.1466,10.6,1
159,2,6,5,4,68,0.0409,0.314,17.9,1
16,2,6,13,5,69,0.0224,0.1481,11.6,0
160,2,2,10,2,70,0.0318,0.1983,12.5,1
161,1,4,11,4,71,0.014,0.086,7.7,0
162,1,3,8,1,72,0.0317,0.1685,10.4,0
163,2,3,5,3,73,0.0086,0.0576,6.6,1
164,1,1,9,1,74,0.0333,0.1863,12.9,0
165,1,3,4,3,75,0.021,0.138,13.1,0
166,1,5,9,5,76,0.0205,0.1167,8.6,0
167,2,3,17,3,77,0.035,0.271,14.7,1
168,2,4,17,4,78,0.033,0.2138,15.3,1
169,2,5,5,4,79,0.0257,0.1671,11.5,0
17,1,2,16,1,80,0.0484,0.2914,13,0
170,2,4,12,4,81,0.0133,0.068,9,1
171,2,4,7,4,82,0.0326,0.2025,13.6,1
172,2,4,19,4,83,0.05,0.2743,13.3,0
173,1,4,5,4,84,0.0115,0.068,7.5,0
174,1,4,5,4,85,0.0146,0.0698,7.5,0
175,2,3,10,3,86,0.0421,0.2705,15.6,1
176,2,3,4,1,87,0.0152,0.0661,9.2,1
177,1,1,0,0,88,0.0405,0.2239,11,0
178,2,2,7,2,89,0.0174,0.1274,10.3,1
179,2,3,10,3,90,0.0462,0.3205,17.4,1
18,2,8,10,6,91,0.0237,0.1206,9.7,2
180,2,3,4,2,92,0.0194,0.1311,10.9,1
181,1,2,5,2,93,0.0333,0.2207,11.2,0
182,2,5,19,1,94,0.06,0.3771,15.1,2
183,2,3,21,3,95,0.0522,0.3039,13.7,1
184,2,4,6,4,96,0.02,0.1122,9.6,0
185,1,2,5,1,97,0.0021,0.0076,4.4,0
186,3,5,16,5,98,0.051,0.2704,12.6,1
187,2,3,4,3,99,0.0112,0.0672,8,1
188,2,6,6,5,100,0.0179,0.0842,9.9,1
189,1,1,4,1,101,0.0325,0.2381,12.6,0
19,1,3,0,0,102,0.038,0.2543,10.4,0
190,2,4,16,2,103,0.0308,0.2304,17.1,1
191,1,2,5,1,104,0.0089,0.0524,7.3,0
192,1,1,5,1,105,0.0197,0.1387,8.8,0
193,2,3,14,3,106,0.0451,0.293,15,1
194,1,1,0,0,107,0.0169,0.0988,8.1,0
195,2,2,5,1,108,0.0234,0.1673,11.3,0
196,2,3,6,1,109,0.0111,0.0682,9,0
197,1,2,8,1,110,0.0152,0.1107,9.7,0
198,1,2,5,1,111,0.0359,0.2031,11.5,0
199,1,2,0,0,112,0.0151,0.1131,9.8,0
2,3,13,19,9,113,0.068,0.3731,13.8,2
20,3,10,23,7,114,0.0445,0.2888,14,2
200,1,2,13,2,115,0.0393,0.2623,13,0
201,2,3,5,1,116,0.0236,0.1692,11.6,1
202,1,1,4,1,117,0.0292,0.1886,11.2,0
203,2,4,5,4,118,0.022,0.1491,10.9,1
204,1,2,0,0,119,0.0327,0.1945,9.6,0
205,1,2,5,1,120,0.0066,0.0488,8.1,0
206,2,5,9,5,121,0.0251,0.1752,12.2,1
207,2,3,16,3,122,0.0208,0.14,11.5,1
208,2,2,16,2,123,0.0138,0.0896,10.2,1
209,2,3,7,3,124,0.0343,0.2191,14.2,1
21,3,10,20,8,125,0.0421,0.3255,15.7,3
210,1,3,0,0,126,0.0054,0.0231,6.8,0
211,1,3,13,3,127,0.0138,0.0981,9.2,0
212,2,3,6,1,128,0.0187,0.1296,9.9,1
213,2,4,6,4,129,0.0181,0.1156,7.8,2
214,1,2,5,1,130,0.0156,0.1015,8.6,0
215,2,6,6,4,131,0.0246,0.1562,10.1,1
216,1,2,14,2,132,0.023,0.1536,12,0
217,2,7,11,7,133,0.0345,0.2429,13.9,3
218,1,3,8,3,134,0.0512,0.2791,13.4,0
219,1,4,9,4,135,0.0076,0.0413,7.5,0
22,2,5,20,3,136,0.0546,0.3273,13.9,2
220,1,1,0,0,137,0.0117,0.0721,7.3,0
221,1,2,0,0,138,0.0162,0.1067,8.9,0
222,2,4,4,3,139,0.0325,0.2236,12.1,1
223,1,1,10,1,140,0.0294,0.1948,12.4,0
224,3,6,7,6,141,0.017,0.1043,9,2
225,2,6,8,5,142,0.0191,0.1122,10.3,2
226,2,3,0,0,143,0.0087,0.0436,8.3,1
227,2,2,0,0,144,0.0435,0.2658,14,1
228,1,2,0,0,145,0.0254,0.1831,10.5,0
229,2,2,4,2,146,0.0422,0.2601,15,1
23,2,6,14,5,147,0.0284,0.187,13.4,1
230,2,2,9,2,148,0.0207,0.1525,11.6,1
231,1,5,5,4,149,0.0356,0.2128,11.4,0
232,2,3,6,3,150,0.0327,0.1823,12,1
233,2,4,11,4,151,0.0526,0.3094,15.7,1
234,1,3,4,1,152,0.0073,0.0456,6.6,0
235,2,4,5,3,153,0.032,0.2062,12.3,2
236,1,2,0,0,154,0.0413,0.2548,12.9,0
237,2,3,4,2,155,0.0194,0.1298,10.7,1
238,3,7,14,7,156,0.0316,0.2158,15.5,3
239,1,2,6,1,157,0.0319,0.2464,17.5,0
24,2,10,8,6,158,0.0383,0.2627,14.4,3
240,1,3,0,0,159,0.012,0.0759,8.3,0
241,1,1,9,1,160,0.0167,0.1113,7.8,0
242,1,4,8,4,161,0.0197,0.1243,10.3,0
243,1,1,5,1,162,0.0215,0.1622,12.6,0
244,2,4,7,3,163,0.036,0.2632,15.7,1
245,1,3,5,1,164,0.0129,0.0613,6.3,0
246,1,3,8,1,165,0.0339,0.199,12.6,0
247,1,4,12,4,166,0.0288,0.1798,10.7,0
248,2,3,6,1,167,0.0276,0.1551,10.9,1
249,1,3,9,1,168,0.0185,0.1001,9,0
25,2,5,26,5,169,0.0224,0.1618,12.7,2
250,2,6,16,6,170,0.0273,0.1911,13.8,2
251,3,4,16,4,171,0.0477,0.2525,14.2,1
252,2,2,11,2,172,0.0305,0.1881,11.5,1
253,1,3,11,1,173,0.0066,0.0304,8.1,0
254,2,2,5,2,174,0.0328,0.194,10.2,1
255,1,1,0,0,175,0.0359,0.208,10.5,0
256,2,4,4,3,176,0.011,0.0628,8.6,1
257,2,5,8,5,177,0.0117,0.0625,9.3,1
258,3,6,30,6,178,0.0635,0.3709,14.9,1
259,1,3,0,0,179,0.0153,0.0942,8.7,0
26,2,4,14,2,180,0.0421,0.2559,13.3,1
260,2,4,13,4,181,0.008,0.0381,8.4,1
261,1,2,4,1,182,0.0172,0.1014,8.9,0
262,1,2,4,1,183,0.0041,0.0157,5.5,0
263,2,3,5,3,184,0.0268,0.1553,10.5,1
264,1,1,0,0,185,0.0185,0.1382,9,0
265,2,4,5,3,186,0.0191,0.1066,10.3,1
266,1,2,9,2,187,0.0272,0.175,10.7,0
267,2,2,4,2,188,0.0319,0.2032,13.2,1
268,2,3,9,1,189,0.0181,0.1198,11.2,1
269,2,2,0,0,190,0.0372,0.2235,13,1
27,3,10,20,10,191,0.0359,0.2719,15.5,3
270,2,4,10,4,192,0.0342,0.1838,12,1
271,1,3,4,1,193,0.0245,0.1618,11.6,0
272,2,4,16,4,194,0.0182,0.1224,10.4,1
273,1,1,7,1,195,0.0414,0.2437,14.4,0
274,2,3,5,3,196,0.0083,0.0458,7.1,1
275,3,5,9,5,197,0.0269,0.1703,13.8,1
276,2,3,20,1,198,0.0203,0.143,12,1
277,1,4,5,4,199,0.0304,0.1926,11.8,0
278,2,2,6,1,200,0.0247,0.1753,13.3,1
279,1,2,0,0,201,0.0056,0.0327,5.6,0
28,2,10,20,6,202,0.0576,0.3788,16,3
280,2,3,0,0,203,0.0133,0.0699,8.8,0
281,1,1,13,1,204,0.0402,0.2478,11.1,0
282,2,2,5,2,205,0.0335,0.1846,12.1,1
283,1,2,0,0,206,0.0327,0.2151,10.4,0
284,2,2,4,2,207,0.027,0.1638,11.5,1
285,2,4,7,4,208,0.04,0.276,14.2,2
286,1,1,14,1,209,0.0288,0.2081,11.4,0
287,1,4,13,4,210,0.0242,0.1527,11.2,0
288,2,5,7,5,211,0.0522,0.3105,15.6,2
289,2,2,4,1,212,0.0021,0.0064,5.2,0
29,1,4,19,1,213,0.0624,0.3554,14,0
290,2,2,14,2,214,0.0201,0.1172,11.5,1
291,1,3,4,1,215,0.0176,0.1072,9.9,0
292,1,1,4,1,216,0.0285,0.1908,11.4,0
293,1,1,4,1,217,0.0275,0.1848,11.9,0
294,1,3,16,1,218,0.0366,0.2162,12.5,0
295,2,2,4,2,219,0.0093,0.0576,6.9,1
296,1,2,13,2,220,0.0165,0.1121,8.4,0
297,2,3,7,1,221,0.015,0.0927,11.7,1
298,1,2,0,0,222,0.0255,0.1665,11.9,0
299,2,4,11,2,223,0.0372,0.2036,11.7,2
3,2,10,5,4,224,0.0423,0.2541,13,3
30,2,5,28,5,225,0.0418,0.2889,16.2,2
300,2,3,7,2,226,0.0244,0.1408,9.8,1
301,1,2,0,0,227,0.0153,0.0987,9.1,0
302,2,2,19,1,228,0.0469,0.2675,12.3,0
303,2,4,7,4,229,0.0297,0.176,11.3,1
304,1,1,0,0,230,0.0211,0.1198,7.4,0
305,2,2,0,0,231,0.0068,0.0311,7.3,0
306,2,2,4,2,232,0.0272,0.176,11.5,1
307,1,2,5,1,233,0.0129,0.0819,8.6,0
308,2,4,12,2,234,0.0211,0.156,13,1
309,2,3,4,2,235,0.0153,0.0843,11.4,1
31,2,8,9,8,236,0.0333,0.2456,16.7,1
310,2,3,8,1,237,0.0412,0.234,14.2,1
311,2,2,0,0,238,0.0157,0.0958,8.6,1
312,1,2,0,0,239,0.0312,0.1974,13,0
313,1,4,8,4,240,0.0289,0.1655,10,0
314,2,4,11,4,241,0.016,0.1024,11.1,1
315,2,3,4,1,242,0.0158,0.0805,8.6,1
316,1,2,5,1,243,0.0322,0.2414,14.4,0
317,1,3,4,1,244,0.0194,0.147,12.5,0
318,2,4,6,4,245,0.0046,0.0173,5.7,1
319,2,3,5,3,246,0.0187,0.1336,9.3,1
32,2,11,9,8,247,0.0395,0.2661,15.5,3
320,2,3,11,2,248,0.0102,0.0525,9.2,1
321,1,4,10,4,249,0.021,0.1325,8,0
322,1,1,6,1,250,0.0224,0.1287,9.6,0
323,1,2,0,0,251,0.0163,0.1067,8.8,0
324,1,1,20,1,252,0.0318,0.2422,14.8,0
325,1,3,6,1,253,0.0105,0.0571,7.1,0
326,1,4,11,4,254,0.0182,0.0998,10.2,0
327,2,3,5,3,255,0.0152,0.094,7.1,1
328,2,3,19,2,256,0.0504,0.2852,12.2,0
329,1,2,5,1,257,0.0148,0.0915,8.3,0
33,2,2,10,2,258,0.0433,0.2473,13.5,1
330,1,2,8,1,259,0.0141,0.0847,9.2,0
331,1,2,4,1,260,0.0095,0.0564,6.9,0
332,2,4,6,1,261,0.0413,0.3025,15.4,1
333,1,2,6,1,262,0.0018,0.0051,4.3,0
334,1,1,5,1,263,0.0183,0.1107,7.5,0
335,2,6,6,5,264,0.0395,0.2437,12.7,1
336,1,1,0,0,265,0.0028,0.0122,5.8,0
337,1,2,6,1,266,0.0248,0.1722,14.6,0
338,1,1,7,1,267,0.0033,0.0162,4.8,0
339,1,2,8,1,268,0.0209,0.1558,11.9,0
34,2,7,7,4,269,0.0328,0.2252,12.3,1
340,1,1,0,0,270,0.0208,0.1145,9,0
341,1,2,0,0,271,0.0239,0.1504,9.6,0
342,2,3,4,2,272,0.0268,0.1615,9.5,1
343,1,1,4,1,273,0.0284,0.2244,14.9,0
344,2,5,11,5,274,0.0177,0.1082,10.8,2
345,1,3,5,1,275,0.0035,0.0112,5.7,0
346,1,2,0,0,276,0.0255,0.1505,11.2,0
347,2,4,7,2,277,0.0433,0.2573,14.9,1
348,2,2,13,2,278,0.0251,0.1942,14.9,1
349,2,3,11,3,279,0.016,0.0888,10.2,1
35,2,7,10,7,280,0.0581,0.3454,15.8,2
350,1,3,0,0,281,0.0044,0.0192,7.5,0
351,1,1,0,0,282,0.0135,0.0952,8.5,0
352,1,2,4,1,283,0.0271,0.1401,9,0
353,2,3,9,1,284,0.0411,0.2508,14,1
354,1,1,0,0,285,0.0123,0.0728,10.5,0
355,1,1,5,1,286,0.0116,0.0597,5.8,0
356,1,2,10,1,287,0.0195,0.1349,10.6,0
357,1,2,0,0,288,0.0134,0.0709,8.4,0
358,2,5,5,4,289,0.0293,0.2092,14.2,2
359,2,3,14,3,290,0.0224,0.1419,13.2,1
36,2,5,30,3,291,0.0476,0.2947,13.8,2
360,2,7,6,5,292,0.027,0.2114,14.1,1
361,1,2,6,1,293,0.0072,0.0538,7.3,0
362,3,4,14,4,294,0.0325,0.2238,15.6,2
363,1,1,0,0,295,0.0161,0.0934,9.6,0
364,2,3,17,3,296,0.0151,0.0926,12.2,1
365,1,1,6,1,297,0.0161,0.1057,9.5,0
366,2,3,11,2,298,0.0092,0.0474,10.6,1
367,1,3,0,0,299,0.0044,0.0162,6.8,0
368,1,3,5,1,300,0.0159,0.0957,9.3,0
369,1,3,6,1,301,0.0271,0.1679,11.1,0
37,2,9,7,6,302,0.0201,0.1084,9.4,3
370,2,6,14,6,303,0.0316,0.2099,12.5,2
371,2,3,4,3,304,0.02,0.1416,10.8,1
372,1,1,0,0,305,0.0239,0.1449,8.6,0
373,2,4,6,4,306,0.0173,0.1008,10.7,1
374,1,1,0,0,307,0.0128,0.1058,9.8,0
375,2,4,7,4,308,0.0344,0.2086,13.3,1
376,2,2,5,1,309,0.0314,0.1542,9.3,1
377,3,4,6,4,310,0.0118,0.0664,7,1
378,2,3,5,3,311,0.0086,0.0505,7.8,1
379,1,1,13,1,312,0.0024,0.0068,4.2,0
38,2,6,12,5,313,0.0537,0.3403,15,2
380,1,2,0,0,314,0.014,0.0923,9.8,0
381,1,2,0,0,315,0.0032,0.0142,6.1,0
382,1,2,8,1,316,0.0162,0.0797,6.5,0
383,1,2,4,1,317,0.0259,0.1714,14.7,0
384,2,4,9,4,318,0.0372,0.234,12.9,1
385,1,1,4,1,319,0.0015,0.004,4.2,0
386,1,1,13,1,320,0.0133,0.078,7,0
387,1,2,4,1,321,0.0302,0.2118,11.6,0
388,2,3,6,3,322,0.0229,0.1328,9.3,1
389,2,2,5,1,323,0.0409,0.2191,11.5,1
39,2,5,8,4,324,0.0513,0.3186,14,1
390,2,3,6,1,325,0.0182,0.1099,9.8,1
391,2,2,5,2,326,0.0136,0.0642,9.3,1
392,1,2,5,1,327,0.0326,0.2238,14.1,0
393,1,1,6,1,328,0.0038,0.0171,6.3,0
394,2,3,4,2,329,0.0067,0.0418,7.7,1
395,1,2,5,1,330,0.0294,0.1898,11.7,0
396,1,2,8,1,331,0.0341,0.1838,10,0
397,1,1,6,1,332,0.0185,0.1041,7.1,0
398,1,2,6,1,333,0.0251,0.1745,10.5,0
399,2,2,4,2,334,0.0247,0.1507,10,1
4,3,6,30,6,335,0.0509,0.3233,14.6,1
40,2,4,9,4,336,0.0245,0.176,11.6,0
400,2,4,8,4,337,0.0105,0.0619,7.9,1
401,2,3,6,1,338,0.0317,0.1935,12.9,1
402,1,1,6,1,339,0.0238,0.1565,11,0
403,1,2,6,1,340,0.0251,0.1878,13,0
404,1,1,0,0,341,0.0129,0.0907,8.2,0
405,1,3,11,3,342,0.0203,0.1185,8.7,0
406,1,1,5,1,343,0.036,0.1933,11.2,0
407,1,1,9,1,344,0.0122,0.0841,7.7,0
408,1,1,13,1,345,0.0572,0.3464,14.9,0
409,1,1,5,1,346,0.0136,0.0924,9.6,0
41,2,6,16,6,347,0.0244,0.1656,11.7,0
410,1,1,0,0,348,0.0062,0.0391,5.6,0
411,1,1,0,0,349,0.0231,0.1357,7.9,0
412,2,2,12,2,350,0.0137,0.0969,9,1
413,1,1,0,0,351,0.0051,0.0291,5.2,0
414,2,4,11,4,352,0.0283,0.1857,12,1
415,1,3,8,1,353,0.0102,0.0598,7.4,0
416,2,2,10,2,354,0.0195,0.0965,7.6,1
417,1,1,6,1,355,0.0231,0.1311,9.5,0
418,1,1,5,1,356,0.0263,0.1568,10.8,0
419,2,3,8,1,357,0.0216,0.1711,12.5,1
42,2,4,33,4,358,0.0194,0.1157,9.5,1
420,2,3,4,3,359,0.0075,0.0403,7.7,1
421,1,1,13,1,360,0.043,0.2551,12.9,0
422,1,2,5,1,361,0.019,0.1283,12.4,0
423,1,1,4,1,362,0.0255,0.1846,12.3,0
424,1,2,5,1,363,0.0244,0.1638,12.1,0
425,2,2,4,2,364,0.0309,0.2126,14.2,1
426,2,3,5,1,365,0.0243,0.1827,12.8,1
427,1,3,5,1,366,0.0199,0.1203,9.6,0
428,1,1,0,0,367,0.0062,0.0414,5.9,0
429,1,2,4,1,368,0.0114,0.063,9.8,0
43,2,3,10,3,369,0.0213,0.1272,10.6,0
430,2,2,4,2,370,0.0074,0.0464,9.2,1
431,2,2,8,2,371,0.0207,0.1229,11.3,1
432,1,3,0,0,372,0.0144,0.0857,7.7,0
433,2,2,20,1,373,0.0355,0.2571,15.9,1
434,1,1,14,1,374,0.0042,0.0154,5.5,0
435,1,1,0,0,375,0.0342,0.17,8.6,0
436,1,1,0,0,376,0.0139,0.0801,5.7,0
437,1,3,8,1,377,0.0191,0.1059,7.5,0
438,2,2,4,2,378,0.0256,0.1857,11.7,1
439,1,2,0,0,379,0.0139,0.0818,5.9,0
44,3,7,14,7,380,0.0334,0.24,15.5,3
440,1,1,8,1,381,0.0245,0.1356,8.9,0
441,1,2,0,0,382,0.0161,0.0961,9.4,0
442,1,2,0,0,383,0.0141,0.0854,9,0
443,2,2,14,2,384,0.0306,0.1888,14.2,1
444,1,1,6,1,385,0.0127,0.0813,9,0
445,1,1,16,1,386,0.0277,0.2079,13.9,0
446,1,1,0,0,387,0.0136,0.0961,8.5,0
447,2,2,4,2,388,0.0189,0.1349,10.5,1
448,1,3,6,3,389,0.0219,0.1625,10.6,0
449,1,3,0,0,390,0.0081,0.0563,8.1,0
45,2,4,20,2,391,0.0311,0.2352,15.3,1
450,1,3,12,1,392,0.0185,0.1247,9.6,0
451,1,1,5,1,393,0.0269,0.1757,12.1,0
452,2,3,4,3,394,0.0191,0.1399,11,1
453,1,2,6,1,395,0.0167,0.123,10.7,0
454,1,1,4,1,396,0.0087,0.045,6.6,0
455,1,2,6,1,397,0.022,0.1479,8.6,0
456,1,4,4,3,398,0.0166,0.1159,9,0
457,2,2,6,2,399,0.0302,0.1686,10.8,1
458,1,1,4,1,400,0.0205,0.1414,10.5,0
459,2,3,12,3,401,0.0396,0.2817,15.6,1
46,3,7,9,6,402,0.0187,0.1081,10,2
460,2,3,8,1,403,0.0101,0.0598,8.8,1
461,1,1,11,1,404,0.0216,0.1375,10.2,0
462,1,2,0,0,405,0.0215,0.1383,10.3,0
463,2,2,5,2,406,0.0168,0.0978,10.4,1
464,1,1,0,0,407,0.0112,0.0687,6.9,0
465,1,1,0,0,408,0.0177,0.0888,7.5,0
466,2,2,10,1,409,0.0411,0.2557,14.7,1
467,1,3,0,0,410,0.0102,0.0596,8.8,0
468,1,2,6,1,411,0.0303,0.2115,11.6,0
469,1,1,6,1,412,0.0347,0.2282,12.3,0
47,2,10,12,9,413,0.0441,0.2696,13.2,3
470,1,1,0,0,414,0.0362,0.1968,10.2,0
471,1,1,0,0,415,0.0026,0.0083,3.8,0
472,2,2,6,1,416,0.034,0.1929,11.6,1
473,1,4,4,3,417,0.0133,0.0907,8.1,0
474,2,3,4,3,418,0.0257,0.1401,9.7,1
475,2,2,6,1,419,0.0345,0.21,13.2,1
476,1,1,11,1,420,0.0089,0.052,8.4,0
477,1,1,5,1,421,0.0085,0.0451,5.3,0
478,1,1,6,1,422,0.0171,0.098,8.4,0
479,2,4,5,4,423,0.0213,0.1506,14.9,1
48,1,2,13,1,424,0.0205,0.1333,10.5,0
480,1,1,0,0,425,0.0293,0.1991,12.2,0
481,1,1,9,1,426,0.0387,0.2379,12.7,0
482,2,2,20,1,427,0.0356,0.2299,13.9,1
483,1,2,13,1,428,0.0156,0.0912,9.1,0
484,1,2,16,1,429,0.0334,0.2322,14.7,0
485,1,1,10,1,430,0.0113,0.0773,7.5,0
486,1,2,6,1,431,0.0154,0.0837,9.5,0
487,1,2,0,0,432,0.0195,0.1295,12.7,0
488,1,1,0,0,433,0.0154,0.0943,7.4,0
489,1,1,6,1,434,0.0078,0.043,6.9,0
49,2,4,10,4,435,0.0387,0.2628,14.7,1
490,1,1,4,1,436,0.0297,0.1764,11.6,0
491,1,1,4,1,437,0.0148,0.0725,8.2,0
492,2,2,7,2,438,0.0386,0.2435,15.9,1
493,1,2,5,1,439,0.0214,0.1293,9.1,0
494,1,1,6,1,440,0.0274,0.1639,10.1,0
495,1,1,0,0,441,0.0146,0.0809,7.8,0
496,1,2,0,0,442,0.0163,0.1142,7.8,0
497,1,2,8,1,443,0.0108,0.0544,8.3,0
498,2,2,4,2,444,0.0351,0.2475,13.6,1
499,2,3,6,3,445,0.0085,0.0418,6.7,1
5,2,6,32,5,446,0.0464,0.2741,12.9,1
50,1,1,19,1,447,0.0389,0.2279,11.5,0
500,2,2,7,2,448,0.0114,0.0672,8.1,1
501,1,1,0,0,449,0.0134,0.0813,9.4,0
502,1,2,6,1,450,0.0175,0.1263,11,0
503,1,1,0,0,451,0.0164,0.1219,9.8,0
504,2,2,0,0,452,0.0247,0.1659,10.7,1
505,1,2,0,0,453,0.0012,0.0027,3.3,0
506,1,1,0,0,454,0.0269,0.1738,11.4,0
507,1,2,0,0,455,0.0143,0.0898,6.4,0
508,1,2,5,1,456,0.0167,0.1081,9.3,0
509,1,1,0,0,457,0.0155,0.1153,9.3,0
51,2,7,11,7,458,0.0568,0.3393,16.1,2
510,1,1,0,0,459,0.0064,0.0409,6.9,0
511,1,1,4,1,460,0.0102,0.07,5.5,0
512,1,2,6,1,461,0.0277,0.1849,15.2,0
513,1,2,12,1,462,0.0113,0.0767,7.1,0
514,1,1,0,0,463,0.0096,0.0618,5.6,0
515,2,4,7,4,464,0.0279,0.2083,13.2,2
516,1,1,5,1,465,0.0205,0.1451,10.3,0
517,1,1,16,1,466,0.0413,0.2118,11.8,0
518,1,1,6,1,467,0.0083,0.0513,7.5,0
519,2,3,6,3,468,0.0275,0.1383,8.9,1
52,3,4,20,3,469,0.0208,0.1235,10.7,1
520,2,3,0,0,470,0.0374,0.2211,11.6,1
521,1,1,0,0,471,0.0026,0.0089,6,0
522,1,1,5,1,472,0.0236,0.1401,9.5,0
523,1,1,6,1,473,0.0123,0.079,8.9,0
524,1,2,16,2,474,0.0337,0.2319,14.9,0
525,1,1,19,1,475,0.0378,0.2256,11.3,0
526,1,2,4,1,476,0.0111,0.0727,9.4,0
527,1,1,5,1,477,0.0124,0.0709,6.6,0
528,2,2,6,1,478,0.0297,0.1751,12.3,1
529,1,3,0,0,479,0.0155,0.1075,8.8,0
53,2,10,13,9,480,0.0502,0.3292,16.2,4
530,3,4,7,3,481,0.0229,0.141,11.8,2
531,1,1,9,1,482,0.0139,0.0757,8,0
532,1,1,10,1,483,0.0134,0.0947,8.9,0
533,2,3,5,3,484,0.0267,0.178,12.3,1
534,1,1,7,1,485,0.0366,0.2433,13.4,0
535,2,3,9,2,486,0.0197,0.1208,11.3,1
536,1,2,12,2,487,0.0086,0.0441,6.6,0
537,2,3,5,3,488,0.0061,0.0212,7.5,1
538,2,3,5,2,489,0.0238,0.1473,10.8,1
539,2,2,0,0,490,0.0255,0.1874,11.4,1
54,1,2,24,2,491,0.0248,0.1734,11.4,0
540,1,1,0,0,492,0.0115,0.0651,8.6,0
541,2,3,11,2,493,0.0218,0.1712,13.1,1
542,1,1,7,1,494,0.0258,0.1744,9.8,0
543,1,3,0,0,495,0.0147,0.0887,6.5,0
544,1,1,5,1,496,0.0142,0.0893,8.3,0
545,1,2,9,1,497,0.019,0.0989,6.6,0
546,1,1,4,1,498,0.0161,0.1122,11.1,0
547,1,1,0,0,499,0.0034,0.0164,7.3,0
548,1,1,11,1,500,0.0312,0.1886,11.6,0
549,1,1,4,1,501,0.0251,0.1802,12.4,0
55,2,3,4,1,502,0.0457,0.2889,17.5,1
550,1,2,0,0,503,0.0149,0.1026,9,0
551,1,3,5,3,504,0.0128,0.0725,8.2,0
552,2,4,6,2,505,0.0135,0.0937,9.9,1
553,1,2,0,0,506,0.0064,0.0421,6.2,0
554,1,1,4,1,507,0.0177,0.103,8.1,0
555,1,1,6,1,508,0.0391,0.2263,13.3,0
556,2,2,8,1,509,0.0065,0.023,7.1,1
557,1,1,4,1,510,0.017,0.1006,9.1,0
558,1,1,6,1,511,0.021,0.146,9.3,0
559,1,3,5,1,512,0.023,0.1529,11.7,0
56,2,2,8,1,513,0.0409,0.2325,13.4,1
560,1,1,8,1,514,0.0136,0.0705,9.8,0
561,1,2,0,0,515,0.0113,0.0668,9.3,0
562,2,2,6,1,516,0.035,0.2298,14.6,1
563,1,1,0,0,517,0.0202,0.1251,11,0
564,2,3,4,3,518,0.0036,0.0098,5.2,1
565,1,1,0,0,519,0.0353,0.214,11.7,0
566,1,1,0,0,520,0.006,0.0329,4.5,0
567,1,2,0,0,521,0.0167,0.0893,8.8,0
568,1,1,4,1,522,0.0105,0.0808,6.1,0
569,2,2,10,2,523,0.0393,0.2337,11.9,1
57,2,6,23,5,524,0.0375,0.2132,11.3,1
570,1,1,6,1,525,0.0323,0.1872,13,0
571,1,1,0,0,526,0.0028,0.0089,4.9,0
572,1,1,5,1,527,0.029,0.1762,10.2,0
573,1,2,5,1,528,0.0396,0.2374,12.5,0
574,3,3,16,3,529,0.0484,0.2781,13.3,1
575,2,2,4,2,530,0.0443,0.3494,19.4,1
576,1,1,13,1,531,0.0126,0.0878,9.1,0
577,2,2,0,0,532,0.0304,0.1891,10.3,1
578,1,2,0,0,533,0.0115,0.0769,7.9,0
579,1,2,0,0,534,0.0227,0.1295,8.9,0
58,2,5,11,4,535,0.0437,0.3374,16.2,1
580,1,1,0,0,536,0.0084,0.05,6.1,0
581,2,2,12,2,537,0.0164,0.1117,8.9,1
582,1,1,0,0,538,0.0237,0.1542,10.4,0
583,1,2,20,1,539,0.031,0.2061,13.3,0
584,1,1,4,1,540,0.0225,0.1248,8.5,0
585,1,1,0,0,541,0.0169,0.1038,9.2,0
586,2,2,16,2,542,0.0123,0.0774,10.3,1
587,1,1,5,1,543,0.0296,0.2193,15.6,0
588,1,2,0,0,544,0.0012,0.0031,3.7,0
589,2,3,8,1,545,0.0094,0.0491,7.9,1
59,2,5,17,4,546,0.0178,0.1035,8.8,0
590,1,1,0,0,547,0.0134,0.0702,6.2,0
591,1,3,6,1,548,0.007,0.028,6.6,0
592,2,2,5,2,549,0.0147,0.0748,7.6,1
593,2,2,4,2,550,0.0248,0.1792,13.4,1
594,1,1,11,1,551,0.015,0.0894,7.7,0
595,1,2,0,0,552,0.032,0.1804,11.4,0
596,1,1,13,1,553,0.0034,0.0121,5.4,0
597,1,1,5,1,554,0.0122,0.0623,9.4,0
598,1,1,6,1,555,0.0179,0.1259,10.1,0
599,1,1,0,0,556,0.0114,0.0661,7.2,0
6,3,12,37,9,557,0.0543,0.3299,14.1,3
60,2,7,4,3,558,0.0303,0.1902,12.9,2
600,1,2,0,0,559,0.0019,0.0075,5.6,0
601,2,2,0,0,560,0.0397,0.2172,12.8,1
602,1,1,12,1,561,0.0204,0.1594,11.4,0
603,1,3,7,1,562,0.0187,0.1426,11.2,0
604,2,2,5,1,563,0.0182,0.1427,11.4,1
605,1,1,0,0,564,0.0064,0.0281,6,0
606,2,3,4,3,565,0.002,0.0053,4.8,1
607,1,1,0,0,566,0.0087,0.0503,5.2,0
608,1,1,4,1,567,0.0079,0.0457,6,0
609,1,2,5,1,568,0.0024,0.0076,5.1,0
61,2,6,11,3,569,0.0316,0.219,13.2,2
610,1,1,14,1,570,0.0193,0.1261,10,0
611,1,1,0,0,571,0.0111,0.0759,7.3,0
612,2,3,4,2,572,0.0025,0.0096,6.7,1
613,1,1,0,0,573,0.0085,0.052,7.5,0
614,1,1,6,1,574,0.0182,0.1397,10.9,0
615,1,1,11,1,575,0.0099,0.0574,10,0
616,1,2,0,0,576,0.0107,0.0739,9.1,0
617,1,1,6,1,577,0.0096,0.0613,7.4,0
618,1,1,0,0,578,0.0094,0.0649,9.5,0
619,2,2,0,0,579,0.0039,0.0138,5.4,1
62,2,3,22,3,580,0.0183,0.094,9.2,0
620,1,1,16,1,581,0.0207,0.1257,11.3,0
621,2,3,4,2,582,0.0041,0.0132,5.4,1
622,1,2,11,1,583,0.0219,0.1331,8.6,0
623,1,1,0,0,584,0.0022,0.0075,5.4,0
624,1,1,8,1,585,0.0211,0.1416,9.4,0
625,1,2,0,0,586,0.0068,0.0343,5.4,0
626,1,2,0,0,587,0.0118,0.053,5.3,0
627,1,1,0,0,588,0.0179,0.1341,9.6,0
628,1,1,0,0,589,0.0083,0.0444,5.3,0
629,1,2,4,1,590,0.0176,0.1302,9.7,0
63,2,5,11,4,591,0.0365,0.2349,13.1,1
630,1,1,0,0,592,0.0132,0.0868,8.6,0
631,1,1,5,1,593,0.0332,0.1915,11.8,0
632,1,3,0,0,594,0.005,0.0207,7,0
633,1,3,0,0,595,0.0179,0.1352,10.6,0
634,1,2,0,0,596,0.0122,0.1044,9,0
635,1,2,16,1,597,0.0534,0.2946,15,0
636,1,2,0,0,598,0.006,0.0404,7.1,0
637,3,5,16,5,599,0.0336,0.2388,15.1,2
638,2,3,4,2,600,0.0248,0.187,14.5,1
639,1,1,19,1,601,0.0428,0.2646,12.3,0
64,2,3,10,2,602,0.0442,0.2975,15.3,1
640,1,1,6,1,603,0.0305,0.2246,12,0
641,1,1,5,1,604,0.0084,0.0394,8.2,0
642,1,1,0,0,605,0.0208,0.1233,8.9,0
643,1,2,0,0,606,0.0117,0.0775,9.8,0
644,1,2,0,0,607,0.0112,0.0556,8.1,0
645,1,1,0,0,608,0.0264,0.215,12.6,0
646,2,2,5,2,609,0.0053,0.0239,6.2,1
647,1,1,0,0,610,0.0123,0.0857,8.6,0
648,1,1,0,0,611,0.0013,0.0026,3.3,0
649,1,2,13,1,612,0.0159,0.1098,10.8,0
65,2,3,10,3,613,0.0204,0.1361,11.1,0
650,1,6,6,5,614,0.0182,0.0997,7.6,0
651,2,2,5,2,615,0.014,0.0797,11,1
652,1,1,0,0,616,0.0024,0.013,4.8,0
653,2,3,0,0,617,0.0205,0.1105,8.8,1
654,1,1,10,1,618,0.0361,0.218,12.2,0
655,1,1,0,0,619,0.0081,0.0385,5,0
656,1,1,0,0,620,0.0247,0.1449,11.8,0
657,1,1,0,0,621,0.0084,0.0398,4.4,0
658,1,1,0,0,622,0.0109,0.083,7.3,0
659,3,4,9,4,623,0.025,0.1471,13.6,2
66,2,5,20,5,624,0.0657,0.3547,15.3,2
660,1,2,6,1,625,0.0274,0.1807,10.9,0
661,1,1,11,1,626,0.0202,0.1297,10.8,0
662,1,1,5,1,627,0.0104,0.0562,5.6,0
663,1,1,5,1,628,0.0395,0.2673,14.6,0
664,2,2,6,1,629,0.0316,0.179,10.9,1
665,2,3,4,3,630,0.0228,0.1622,11.9,1
666,2,3,0,0,631,0.0068,0.0376,6.3,1
667,2,2,0,0,632,0.0107,0.0615,7.3,1
668,2,2,6,2,633,0.024,0.1323,10.5,1
669,2,2,4,1,634,0.046,0.2893,14.9,1
67,2,3,8,3,635,0.034,0.1892,11.3,1
670,2,4,8,4,636,0.0204,0.152,11.9,2
671,1,1,0,0,637,0.0121,0.082,8.7,0
672,2,3,4,3,638,0.0153,0.085,11.8,1
673,2,3,14,1,639,0.0242,0.1957,12.5,1
674,1,1,0,0,640,0.0191,0.1335,10,0
675,1,1,0,0,641,0.0022,0.0066,4.5,0
676,2,3,5,2,642,0.0163,0.1157,9.8,1
677,1,1,5,1,643,0.0232,0.1836,11.7,0
678,1,2,5,1,644,0.0202,0.1455,10.2,0
679,1,1,5,1,645,0.0274,0.1736,12.6,0
68,1,2,19,1,646,0.0439,0.258,12.1,0
680,1,2,6,1,647,0.0287,0.1821,13.1,0
681,1,1,0,0,648,0.0137,0.0736,8.5,0
682,1,1,5,1,649,0.041,0.2728,12.5,0
683,2,2,0,0,650,0.0159,0.1007,8.6,1
684,1,1,6,1,651,0.0328,0.2082,11.2,0
685,1,1,13,1,652,0.0309,0.1713,8.9,0
686,1,1,13,1,653,0.0282,0.1981,13.1,0
687,1,1,6,1,654,0.0243,0.1574,10.3,0
688,1,2,4,2,655,0.0172,0.087,6.8,0
689,1,2,5,1,656,0.0227,0.138,9,0
69,2,4,9,3,657,0.0431,0.2781,15,1
690,1,1,7,1,658,0.0245,0.1538,10.8,0
691,1,1,9,1,659,0.0499,0.3265,15.7,0
692,1,1,6,1,660,0.025,0.1661,11.6,0
693,2,2,6,2,661,0.0454,0.2951,14.2,1
694,1,1,0,0,662,0.0096,0.0629,7.7,0
695,1,2,0,0,663,0.0143,0.0811,7.1,0
696,1,1,5,1,664,0.0061,0.0341,8,0
697,1,1,0,0,665,0.0103,0.0669,8,0
698,1,1,8,1,666,0.0133,0.0711,6.9,0
699,1,1,5,1,667,0.0202,0.1491,12.8,0
7,2,7,10,5,668,0.0463,0.3004,14.3,3
70,2,4,15,4,669,0.0292,0.2185,13.9,2
700,1,1,4,1,670,0.0199,0.1385,11.1,0
701,1,2,0,0,671,0.0077,0.036,6.5,0
702,1,2,0,0,672,0.0122,0.0931,9,0
703,2,2,5,1,673,0.0414,0.2609,15.2,1
704,1,2,0,0,674,0.0025,0.0084,5,0
705,1,1,0,0,675,0.0272,0.1423,8.2,0
706,1,2,0,0,676,0.0208,0.1396,10,0
707,1,1,4,1,677,0.0017,0.0033,3.3,0
708,2,2,4,2,678,0.0137,0.0879,10.1,1
709,1,1,4,1,679,0.0111,0.0683,8.8,0
71,2,2,7,2,680,0.0416,0.3206,17.9,1
710,1,1,0,0,681,0.0049,0.0481,6.6,0
711,2,2,4,1,682,0.029,0.1899,10.8,1
712,1,3,4,1,683,0.0133,0.0787,9.2,0
713,1,2,14,1,684,0.0299,0.1931,14.2,0
714,2,2,4,2,685,0.0303,0.1983,12.7,1
715,1,2,0,0,686,0.0075,0.031,4.9,0
716,1,1,0,0,687,0.0073,0.0416,7.8,0
717,1,1,9,1,688,0.0058,0.0184,5.5,0
718,2,2,4,2,689,0.0145,0.098,10.4,1
719,1,1,0,0,690,0.0254,0.1882,13.6,0
72,2,9,8,7,691,0.0159,0.0969,10.3,3
720,1,1,4,1,692,0.0348,0.2071,12.4,0
721,1,1,0,0,693,0.0057,0.0416,5.2,0
722,1,1,0,0,694,0.0131,0.0747,7.1,0
723,2,2,0,0,695,0.0136,0.0765,7,1
724,1,1,0,0,696,0.0055,0.037,5,0
725,1,1,6,1,697,0.0292,0.1844,13,0
726,1,1,0,0,698,0.0029,0.0088,4.5,0
727,1,1,0,0,699,0.0032,0.01,4.6,0
728,3,3,9,3,700,0.0173,0.1006,11.7,1
729,1,1,14,1,701,0.006,0.0405,5,0
73,1,2,7,1,702,0.0139,0.0841,7.9,0
730,1,1,5,1,703,0.0166,0.1089,7.8,0
731,1,2,4,1,704,0.0069,0.0341,8.2,0
732,1,2,4,1,705,0.0347,0.2221,10.9,0
733,1,1,11,1,706,0.0114,0.0904,6.6,0
734,1,1,7,1,707,0.027,0.1807,13.4,0
735,1,1,0,0,708,0.0103,0.0562,6.3,0
736,1,2,4,1,709,0.0167,0.102,7.4,0
737,1,1,8,1,710,0.0218,0.1389,9.5,0
738,1,3,0,0,711,0.0171,0.0911,7.2,0
739,1,1,0,0,712,0.0428,0.2513,14.2,0
74,2,2,8,2,713,0.0267,0.1811,12.6,0
740,1,2,5,1,714,0.0316,0.1696,10.2,0
741,1,2,6,1,715,0.0161,0.0899,8.6,0
742,2,2,4,2,716,0.01,0.0829,8,1
743,1,1,0,0,717,0.0071,0.0397,7.2,0
744,1,1,0,0,718,0.0505,0.2905,13.2,0
745,1,1,0,0,719,0.0012,0.0026,3.2,0
746,1,1,14,1,720,0.028,0.1627,12.7,0
747,1,1,10,1,721,0.0511,0.3544,19.9,0
748,1,2,20,1,722,0.0304,0.2063,13.1,0
749,1,1,0,0,723,0.0123,0.0896,10.6,0
75,2,7,6,5,724,0.038,0.2397,14,2
750,1,1,0,0,725,0.008,0.0491,6.5,0
751,1,2,0,0,726,0.0119,0.0861,10,0
752,1,1,0,0,727,0.0018,0.0072,5.9,0
753,1,1,4,1,728,0.028,0.1643,10,0
754,1,1,4,1,729,0.0037,0.0126,5.9,0
755,1,1,12,1,730,0.0176,0.1011,8.4,0
756,1,1,4,1,731,0.0133,0.0728,6,0
757,1,2,0,0,732,0.0071,0.0387,7.1,0
758,1,1,0,0,733,0.021,0.1477,11.4,0
759,1,1,4,1,734,0.0209,0.1517,13,0
76,1,3,13,3,735,0.0198,0.105,11.4,0
760,1,1,0,0,736,0.0077,0.0462,5.2,0
761,1,1,0,0,737,0.0213,0.1378,9.4,0
762,1,1,4,1,738,0.0115,0.0794,7.4,0
763,1,1,4,1,739,0.015,0.0968,8.4,0
764,1,1,6,1,740,0.0175,0.1014,11,0
765,2,2,0,0,741,0.0329,0.2338,14.3,1
766,1,1,4,1,742,0.0159,0.109,10.6,0
767,1,1,4,1,743,0.0164,0.0921,9.4,0
768,1,1,10,1,744,0.0121,0.0919,7.9,0
769,1,1,0,0,745,0.0118,0.0812,8.5,0
77,2,5,22,5,746,0.0237,0.1613,12.6,1
770,2,2,6,1,747,0.0484,0.3175,16.5,1
771,1,1,0,0,748,0.0034,0.0138,5.1,0
772,2,2,0,0,749,0.0029,0.012,7.5,1
773,2,2,4,2,750,0.0149,0.1051,10.6,1
774,1,2,0,0,751,0.006,0.046,5.6,0
775,1,1,5,1,752,0.0019,0.0056,4,0
776,1,1,0,0,753,0.0013,0.0024,2.8,0
777,1,1,0,0,754,0.0138,0.0859,7.5,0
778,1,1,0,0,755,0.0111,0.0854,9.3,0
779,1,1,0,0,756,0.0267,0.1659,12.2,0
78,2,3,5,1,757,0.0445,0.269,16.6,1
780,2,3,0,0,758,0.0301,0.1706,12.5,1
781,3,3,7,3,759,0.0177,0.1061,11.3,1
782,2,2,9,2,760,0.0387,0.3149,19.2,1
783,2,2,0,0,761,0.0273,0.147,9.3,1
784,1,1,0,0,762,0.0013,0.003,3.6,0
785,1,1,4,1,763,0.0422,0.2973,15.7,0
786,2,4,4,2,764,0.0233,0.1206,8.9,2
787,2,2,4,2,765,0.0176,0.1107,9.3,1
788,1,1,0,0,766,0.0066,0.029,5.3,0
789,2,4,13,4,767,0.0234,0.1488,13.6,1
79,2,4,11,2,768,0.0133,0.0601,7.4,1
790,1,1,6,1,769,0.007,0.03,5.6,0
791,1,1,0,0,770,0.0167,0.1039,7.4,0
792,1,2,20,1,771,0.0243,0.1678,11.1,0
793,1,1,0,0,772,0.0176,0.104,8.4,0
794,1,2,4,1,773,0.0054,0.0396,5.5,0
795,1,1,4,1,774,0.021,0.1112,8.5,0
796,1,1,0,0,775,0.0135,0.0775,9.5,0
797,1,1,9,1,776,0.0194,0.0988,6.8,0
798,2,2,5,2,777,0.0423,0.2515,12.3,1
799,1,1,8,1,778,0.017,0.1083,9.2,0
8,3,6,19,6,779,0.0561,0.3283,15.7,1
80,2,3,11,1,780,0.0255,0.1853,14,1
800,1,1,13,1,781,0.0276,0.1671,9.6,0
801,1,2,4,1,782,0.0159,0.0968,10.3,0
802,1,1,6,1,783,0.0153,0.0926,6.7,0
803,1,2,0,0,784,0.0344,0.1964,13.1,0
804,1,1,4,1,785,0.0071,0.0446,7,0
805,3,3,7,3,786,0.0069,0.0341,7.2,1
806,1,1,0,0,787,0.0056,0.0256,7.6,0
807,1,1,0,0,788,0.0074,0.0458,7.1,0
808,2,3,6,1,789,0.027,0.1736,12.8,1
809,1,1,0,0,790,0.0111,0.057,7.4,0
81,2,4,26,3,791,0.044,0.2632,12.7,1
810,1,2,0,0,792,0.0177,0.1232,10,0
811,1,1,0,0,793,0.0187,0.1256,9.5,0
812,1,1,0,0,794,0.0119,0.0727,6.3,0
813,1,1,13,1,795,0.0344,0.1953,8.8,0
814,1,1,0,0,796,0.0146,0.1,12.4,0
815,1,1,0,0,797,0.004,0.0169,5.1,0
816,3,4,6,4,798,0.05,0.3504,17.6,1
817,1,1,0,0,799,0.0177,0.0975,9.2,0
818,1,1,0,0,800,0.0182,0.0998,9.1,0
819,1,1,6,1,801,0.0307,0.1918,10.8,0
82,2,5,11,5,802,0.0358,0.2297,13.4,1
820,2,4,8,2,803,0.0211,0.1205,11.6,1
821,1,1,5,1,804,0.0195,0.1332,11.5,0
822,1,1,5,1,805,0.0144,0.1029,9.7,0
823,1,1,5,1,806,0.0069,0.0433,5.5,0
824,1,1,0,0,807,0.0119,0.092,9.1,0
825,1,1,0,0,808,0.0087,0.0541,6.6,0
826,1,2,0,0,809,0.0118,0.0636,7.1,0
827,1,1,7,1,810,0.0171,0.1145,8.7,0
828,1,1,0,0,811,0.0079,0.0457,5.9,0
829,1,1,0,0,812,0.0124,0.0746,6,0
83,1,1,0,0,813,0.0287,0.174,10.1,0
830,1,2,4,1,814,0.0034,0.0126,5.4,0
831,1,1,0,0,815,0.0126,0.0876,8.9,0
832,1,1,0,0,816,0.0022,0.0092,6.4,0
833,1,1,0,0,817,0.0109,0.0674,7.3,0
834,1,1,0,0,818,0.0228,0.142,10,0
835,1,1,0,0,819,0.0281,0.198,11.5,0
836,1,1,0,0,820,0.0014,0.0025,2.9,0
837,1,1,0,0,821,0.0275,0.1654,10,0
838,1,1,0,0,822,0.0105,0.0549,8.3,0
839,1,1,10,1,823,0.0182,0.1495,11.6,0
84,2,3,5,3,824,0.0171,0.0855,10.4,1
840,1,1,0,0,825,0.0256,0.1813,11.3,0
841,1,1,8,1,826,0.0357,0.2138,13,0
842,1,1,6,1,827,0.0279,0.2094,15.1,0
843,1,2,0,0,828,0.0159,0.0777,8,0
844,1,1,9,1,829,0.0261,0.1391,8.3,0
845,1,1,14,1,830,0.0194,0.116,9.6,0
846,3,3,33,2,831,0.0591,0.3372,14.6,1
847,2,2,0,0,832,0.0065,0.0386,7.1,1
848,1,1,0,0,833,0.0173,0.1339,9.8,0
849,1,1,0,0,834,0.0082,0.0522,6.8,0
85,2,2,8,2,835,0.0236,0.1556,13.4,1
850,1,2,16,1,836,0.0109,0.0721,8.4,0
851,1,1,0,0,837,0.0207,0.1348,9,0
852,1,1,4,1,838,0.0234,0.1296,9.6,0
853,1,2,0,0,839,0.0046,0.0185,5.6,0
854,1,1,4,1,840,0.0314,0.1945,11.5,0
855,1,1,6,1,841,0.0171,0.1009,7.5,0
856,2,2,0,0,842,0.0098,0.0477,8.4,1
857,1,1,4,1,843,0.0171,0.1005,7.9,0
858,1,1,0,0,844,0.0391,0.2449,13.5,0
859,1,2,0,0,845,0.0087,0.0572,8.3,0
86,2,5,13,5,846,0.0246,0.1658,11.6,0
860,1,1,0,0,847,0.0105,0.0597,7,0
861,1,1,14,1,848,0.0281,0.1923,12.8,0
862,1,1,6,1,849,0.0343,0.1798,11.6,0
863,2,3,13,3,850,0.0322,0.2352,16.5,1
864,1,1,0,0,851,0.0167,0.0961,7.7,0
865,1,1,4,1,852,0.0018,0.0046,3.3,0
866,1,1,0,0,853,0.0069,0.0528,6.1,0
867,1,1,0,0,854,0.0327,0.2018,11.8,0
868,1,1,6,1,855,0.0237,0.1742,13,0
869,1,1,6,1,856,0.0164,0.1237,9.1,0
87,1,2,5,2,857,0.0092,0.0462,7,0
870,1,1,0,0,858,0.0118,0.0788,6.1,0
871,2,2,12,2,859,0.0237,0.1586,11.5,1
872,1,1,8,1,860,0.019,0.1061,7.1,0
873,2,2,11,2,861,0.0114,0.0446,8.6,1
874,2,2,0,0,862,0.004,0.0159,5.4,1
875,1,1,4,1,863,0.0211,0.1708,11.8,0
876,1,1,0,0,864,0.0036,0.0155,5.6,0
877,1,1,0,0,865,0.0033,0.0159,5.5,0
878,1,1,0,0,866,0.0166,0.1137,9.4,0
879,3,4,14,4,867,0.0262,0.1806,15.1,2
88,1,3,7,2,868,0.0171,0.1108,10.1,0
880,1,1,0,0,869,0.0122,0.0752,6.1,0
881,1,1,0,0,870,0.0077,0.0365,6,0
882,1,1,4,1,871,0.0059,0.0301,7.4,0
883,1,1,0,0,872,0.0072,0.0454,6.2,0
884,2,2,7,2,873,0.0259,0.1549,11.2,1
885,1,1,6,1,874,0.0286,0.1857,11.2,0
886,1,1,0,0,875,0.0172,0.1171,9.2,0
887,1,1,6,1,876,0.0156,0.0956,6.3,0
888,1,1,0,0,877,0.0069,0.045,5.1,0
889,1,1,4,1,878,0.0091,0.0567,7,0
89,2,3,17,3,879,0.0182,0.1161,9,1
890,3,3,42,3,880,0.041,0.2607,13.8,1
891,1,1,0,0,881,0.031,0.209,11.5,0
892,1,1,0,0,882,0.0058,0.0257,5.8,0
893,1,2,0,0,883,0.0174,0.1065,7.8,0
894,1,1,0,0,884,0.0094,0.0624,6.1,0
895,1,1,0,0,885,0.0105,0.0653,10.3,0
896,1,1,4,1,886,0.0086,0.0506,6.1,0
897,1,2,0,0,887,0.0043,0.0152,4.8,0
898,1,1,0,0,888,0.0061,0.0384,5.6,0
899,1,1,0,0,889,0.0271,0.1739,11.1,0
9,2,5,23,5,890,0.0324,0.2288,13.4,1
90,2,4,4,3,891,0.0312,0.1927,11.4,1
900,1,1,0,0,892,0.0153,0.0957,11,0
901,1,1,0,0,893,0.0048,0.0344,5.3,0
902,1,1,0,0,894,0.0065,0.0436,5.7,0
903,1,1,0,0,895,0.0059,0.0289,7.2,0
904,1,1,6,1,896,0.0103,0.054,6.6,0
905,1,1,0,0,897,0.0226,0.1423,9.4,0
906,1,1,11,1,898,0.0189,0.1254,9.3,0
907,2,2,0,0,899,0.0155,0.1069,8.5,1
908,2,2,5,1,900,0.0095,0.0504,7.6,1
909,1,1,0,0,901,0.0048,0.0384,6.3,0
91,2,6,16,6,902,0.0365,0.2594,15.8,1
910,1,1,0,0,903,0.024,0.1553,10,0
911,1,2,6,1,904,0.0099,0.0497,9.6,0
912,1,1,0,0,905,0.0065,0.034,6.8,0
913,1,1,11,1,906,0.0155,0.1122,11.1,0
914,1,1,0,0,907,0.0117,0.0807,6.2,0
915,1,1,0,0,908,0.0163,0.0906,9,0
916,1,1,4,1,909,0.0243,0.1713,12.1,0
917,1,1,0,0,910,0.0105,0.0704,7.3,0
918,1,2,6,1,911,0.0158,0.0928,8.8,0
919,1,1,0,0,912,0.0327,0.178,11.3,0
92,2,6,11,5,913,0.0456,0.2669,12.3,2
920,1,1,0,0,914,0.0306,0.1897,11.1,0
921,1,1,0,0,915,0.006,0.0447,5.6,0
922,1,1,0,0,916,0.0187,0.1113,8.3,0
923,1,1,0,0,917,0.0028,0.0117,5.6,0
924,1,1,9,1,918,0.0037,0.0109,5,0
925,2,2,7,2,919,0.0241,0.171,13.1,1
926,2,2,4,2,920,0.0084,0.0409,6.3,1
927,2,2,0,0,921,0.0222,0.164,10,1
928,2,2,4,2,922,0.015,0.0899,13,1
929,1,1,0,0,923,0.0271,0.1553,9.2,0
93,2,6,21,6,924,0.0341,0.2451,16.1,1
930,1,1,4,1,925,0.0083,0.0539,7.4,0
931,1,1,4,1,926,0.0127,0.0729,7.2,0
932,1,1,5,1,927,0.0312,0.1859,10.3,0
933,1,2,6,1,928,0.0118,0.0869,7.7,0
934,1,1,9,1,929,0.0344,0.2259,13.9,0
935,1,2,0,0,930,0.0047,0.017,5.6,0
936,1,1,0,0,931,0.0153,0.0902,7.5,0
937,1,1,7,1,932,0.0188,0.1183,8.2,0
938,1,1,0,0,933,0.0149,0.1017,13,0
939,2,2,6,2,934,0.0295,0.1815,12.4,1
94,2,5,11,5,935,0.0368,0.2743,15.4,1
940,1,2,0,0,936,0.0036,0.0143,4.3,0
941,1,1,0,0,937,0.0012,0.0028,3.6,0
942,1,1,11,1,938,0.0112,0.0701,10,0
943,1,1,8,1,939,0.0236,0.1692,10.6,0
944,1,1,13,1,940,0.0119,0.0787,8.4,0
945,1,1,0,0,941,0.0126,0.0863,11.6,0
946,1,1,0,0,942,0.0015,0.0036,4.1,0
947,1,1,0,0,943,0.0084,0.045,5.9,0
948,1,1,0,0,944,0.0315,0.1813,11.2,0
949,2,2,8,2,945,0.0285,0.163,13.1,1
95,2,5,9,4,946,0.0619,0.3481,14.9,1
950,1,1,0,0,947,0.0178,0.1018,7.6,0
951,3,3,6,3,948,0.023,0.1435,9.7,1
952,1,1,6,1,949,0.0201,0.118,8.5,0
953,2,2,0,0,950,0.0192,0.1492,10.4,1
954,1,1,6,1,951,0.0219,0.1333,10,0
955,1,1,0,0,952,0.0121,0.0779,9.1,0
956,1,1,0,0,953,0.0213,0.1404,10.6,0
957,2,2,12,2,954,0.0392,0.2859,17.1,1
958,1,1,0,0,955,0.0057,0.0301,4.7,0
959,1,1,4,1,956,0.0191,0.1484,12.5,0
96,1,2,4,2,957,0.0252,0.1766,12.3,0
960,1,1,6,1,958,0.0112,0.0634,6.4,0
961,2,2,5,1,959,0.0106,0.0705,9.4,1
962,1,1,5,1,960,0.0129,0.0805,8,0
963,1,1,0,0,961,0.0037,0.015,5.8,0
964,1,1,0,0,962,0.0191,0.1064,7,0
965,2,2,0,0,963,0.0139,0.0828,7.3,1
966,1,1,4,1,964,0.0072,0.0431,9.2,0
967,2,2,20,1,965,0.0326,0.2208,13.6,1
968,1,1,0,0,966,0.0163,0.0903,7.6,0
969,2,3,9,3,967,0.0225,0.1517,11,1
97,2,3,9,3,968,0.0492,0.3214,15.3,1
970,1,1,0,0,969,0.0091,0.0573,9.3,0
971,1,1,0,0,970,0.0202,0.1139,7,0
972,1,1,0,0,971,0.038,0.2268,11.9,0
973,2,2,0,0,972,0.0134,0.0801,7.1,1
974,1,1,0,0,973,0.0187,0.1145,9.9,0
975,2,2,5,2,974,0.0162,0.105,9.8,1
976,2,2,10,1,975,0.0391,0.2463,15.1,1
977,2,2,0,0,976,0.0285,0.2043,12.3,1
978,1,1,7,1,977,0.0306,0.2096,13.1,0
979,2,2,4,2,978,0.012,0.073,8.9,1
98,2,8,20,7,979,0.0451,0.3268,18,2
980,2,2,4,2,980,0.0111,0.0629,8.7,1
981,1,1,0,0,981,0.0157,0.0954,8.4,0
982,1,1,0,0,982,0.0087,0.0579,6.4,0
983,1,1,0,0,983,0.0168,0.1218,12.7,0
984,1,1,0,0,984,0.0183,0.0984,8.3,0
985,1,1,0,0,985,0.0015,0.0052,4.8,0
986,1,1,0,0,986,0.0055,0.0377,5.3,0
987,1,1,0,0,987,0.0257,0.1526,9,0
988,1,1,0,0,988,0.0051,0.0363,5.6,0
989,1,1,6,1,989,0.0108,0.0617,6.2,0
99,2,3,12,2,990,0.0137,0.0842,9.2,1
990,1,1,0,0,991,0.008,0.0478,6.3,0
991,1,1,0,0,992,0.0022,0.0079,4.2,0
992,1,1,0,0,993,0.002,0.0059,4.5,0
993,1,1,4,1,994,0.0212,0.1197,10.9,0
994,3,3,14,3,995,0.0376,0.2551,18.1,1
995,2,2,5,2,996,0.0031,0.0099,5.9,1
996,1,1,0,0,997,0.0109,0.066,9.5,0
997,1,1,6,1,998,0.0115,0.0677,7.9,0
998,1,1,0,0,999,0.0217,0.1455,8.4,0
999,1,1,6,1,1000,0.0127,0.0872,7.9,0
