"node_name","k_shell","degree","community_centrality","num_clusters","node","peak_infection","total_infection","outbreak_duration","communities_louvain","communities_LinkComm"
1,161,269,337,257,1,0.7267,0.9789,6.8,4,36
10,134,138,317,136,2,0.8035,0.9751,6.9,3,3
100,49,49,49,48,3,0.7832,0.9757,7.6,2,1
1000,1,1,0,0,4,0.4162,0.6839,7,0,0
101,74,75,74,73,5,0.7932,0.9754,7.4,2,2
102,59,62,77,58,6,0.7902,0.9746,7.7,4,2
103,126,145,319,142,7,0.7912,0.9799,7.3,4,3
104,156,180,319,178,8,0.7735,0.9764,7.1,4,5
105,161,224,324,221,9,0.747,0.9748,7,5,12
106,74,74,74,73,10,0.8032,0.9783,7.2,2,1
107,66,69,66,65,11,0.7929,0.9755,7.1,3,2
108,161,205,324,205,12,0.7627,0.9752,7.3,5,11
109,156,182,318,181,13,0.7653,0.9757,7.3,2,5
11,112,114,317,114,14,0.8153,0.9749,7.2,2,1
110,76,81,77,76,15,0.8,0.9783,7.4,3,4
111,109,119,319,117,16,0.8007,0.9778,7.4,3,2
112,20,22,20,19,17,0.6898,0.9778,7.6,2,2
113,119,126,321,126,18,0.7919,0.9773,7.5,3,3
114,152,168,322,164,19,0.7778,0.9766,6.8,4,10
115,44,53,44,43,20,0.7827,0.975,7.8,4,6
116,156,179,319,179,21,0.7758,0.9748,7.5,3,3
117,94,98,316,96,22,0.798,0.9753,7.6,4,3
118,101,105,317,102,23,0.8052,0.9758,7.4,3,4
119,138,148,319,146,24,0.7835,0.9728,7.2,3,6
12,117,133,323,128,25,0.7957,0.9777,7.2,3,9
120,37,37,37,36,26,0.7434,0.9754,7.6,1,1
121,43,44,68,38,27,0.8009,0.9761,7.5,3,1
122,117,127,323,125,28,0.7989,0.9747,7.2,2,7
123,12,12,12,11,29,0.5696,0.9764,7.7,1,1
124,13,15,13,12,30,0.598,0.9753,7.9,2,2
125,111,117,317,112,31,0.8066,0.9753,7.4,3,3
126,156,182,316,178,32,0.7678,0.976,7.4,4,7
127,34,36,33,32,33,0.7626,0.9793,7.5,3,3
128,27,28,25,24,34,0.7529,0.9761,8,2,2
129,55,58,54,53,35,0.7883,0.9725,7.8,2,4
13,159,190,324,188,36,0.7698,0.9758,6.9,3,11
130,85,87,319,85,37,0.8065,0.9777,7.5,2,1
131,85,87,86,85,38,0.8003,0.9765,7.8,3,3
132,118,123,316,119,39,0.7954,0.9756,6.9,3,3
133,41,42,39,38,40,0.7565,0.9735,7.5,2,2
134,26,30,25,24,41,0.7523,0.9761,7.6,3,4
135,64,65,64,63,42,0.7964,0.9774,8,2,2
136,77,82,78,77,43,0.7996,0.9782,7,3,2
137,18,21,17,16,44,0.6654,0.9769,7.6,3,2
138,21,21,21,20,45,0.6147,0.9781,7.6,2,1
139,76,77,75,74,46,0.8095,0.9736,7,2,2
14,127,142,319,139,47,0.7968,0.9776,7.2,3,3
140,105,112,317,108,48,0.8079,0.9747,7,4,4
141,70,71,70,69,49,0.8119,0.9774,7.3,2,2
142,79,80,77,76,50,0.7826,0.973,7,3,3
143,46,48,46,45,51,0.768,0.9777,7.7,3,3
144,113,123,321,119,52,0.8064,0.9777,7.4,5,3
145,34,35,33,32,53,0.7364,0.9751,7.5,3,3
146,120,134,319,130,54,0.7916,0.9752,6.8,4,4
147,156,183,319,179,55,0.7686,0.9755,6.9,5,9
148,56,63,54,53,56,0.8072,0.9707,7.6,3,3
149,161,231,333,229,57,0.7377,0.974,7,4,21
15,101,112,318,105,58,0.8046,0.976,7.9,3,4
150,13,14,13,12,59,0.6046,0.9775,8.2,1,1
151,105,113,318,110,60,0.8042,0.9748,7,3,3
152,13,13,11,10,61,0.6587,0.9739,7.5,1,1
153,34,35,34,33,62,0.7281,0.9743,7.5,2,2
154,27,29,27,26,63,0.7259,0.974,7.7,3,2
155,55,61,54,53,64,0.7838,0.9754,7.7,3,2
156,15,18,15,14,65,0.671,0.9755,7.7,3,1
157,33,33,33,32,66,0.7346,0.9752,7.7,1,1
158,47,49,57,43,67,0.7839,0.9773,7.4,2,1
159,68,69,66,65,68,0.805,0.9764,7.4,2,1
16,145,155,321,152,69,0.7863,0.9738,7.2,3,9
160,161,218,322,217,70,0.7531,0.9786,7.3,5,9
161,90,95,316,89,71,0.7997,0.9754,7.1,3,4
162,64,65,65,64,72,0.8002,0.9759,7.3,2,2
163,51,59,50,49,73,0.7836,0.9768,7.6,3,5
164,55,55,56,55,74,0.7766,0.9762,7.4,1,1
165,67,68,63,62,75,0.8014,0.9773,8,3,2
166,147,170,325,168,76,0.7807,0.9753,7.3,4,13
167,58,60,54,53,77,0.7686,0.9778,7.8,2,3
168,90,93,89,88,78,0.8114,0.9742,7.4,3,4
169,138,149,321,147,79,0.7858,0.9759,7.4,4,8
17,113,120,318,116,80,0.7961,0.9762,7.2,4,5
170,142,152,318,150,81,0.7836,0.9751,7.3,3,4
171,36,36,35,34,82,0.7511,0.9743,7.7,2,1
172,19,22,18,17,83,0.7052,0.9752,7.9,3,4
173,59,61,54,53,84,0.7925,0.9745,7.4,3,3
174,40,40,40,39,85,0.7566,0.9748,7.7,2,1
175,80,84,80,79,86,0.7884,0.9745,7.3,3,3
176,161,232,338,232,87,0.7435,0.9764,7.3,5,23
177,19,19,19,18,88,0.6606,0.9752,8,1,1
178,30,31,27,26,89,0.7506,0.9774,8,2,2
179,7,8,7,6,90,0.5047,0.9776,7.5,1,1
18,76,79,77,76,91,0.8081,0.9734,7.1,3,3
180,18,19,17,16,92,0.6476,0.9749,7.3,2,2
181,61,65,61,60,93,0.7947,0.9731,7.6,3,3
182,22,22,22,21,94,0.7059,0.9768,7.8,1,1
183,36,38,34,33,95,0.7615,0.9746,7.4,3,3
184,68,71,68,67,96,0.8108,0.9769,7.3,3,3
185,88,95,319,89,97,0.8133,0.9765,7.3,3,5
186,17,17,16,15,98,0.6605,0.9764,7.9,1,1
187,26,28,26,25,99,0.7095,0.9759,7.5,3,3
188,39,41,36,35,100,0.7707,0.973,7.6,3,2
189,78,83,75,74,101,0.7914,0.9762,7.3,3,3
19,123,127,317,126,102,0.7946,0.9758,7,4,2
190,17,17,17,16,103,0.6546,0.9732,7.7,1,1
191,46,47,57,40,104,0.7878,0.9778,7.5,2,2
192,131,140,318,137,105,0.7891,0.9785,7.7,3,6
193,154,171,321,171,106,0.7815,0.9762,7.3,3,6
194,63,64,63,62,107,0.7853,0.9741,7.7,2,2
195,15,17,16,15,108,0.6029,0.9739,7.5,2,2
196,69,70,68,67,109,0.8093,0.9763,7.7,2,2
197,64,68,62,61,110,0.7868,0.9761,7.6,2,2
198,31,32,27,26,111,0.7566,0.9772,7.6,2,1
199,41,42,38,37,112,0.793,0.9773,7.5,2,2
2,161,248,339,240,113,0.7323,0.9741,6.8,4,34
20,161,192,320,190,114,0.7704,0.9758,7,3,9
200,161,288,344,284,115,0.7039,0.9749,7.3,5,40
201,22,30,23,22,116,0.6815,0.9773,7.8,4,4
202,10,12,10,9,117,0.6241,0.9763,7.8,2,2
203,156,182,319,180,118,0.7766,0.9763,6.8,4,8
204,24,24,22,21,119,0.7033,0.9771,7.6,2,1
205,49,49,47,46,120,0.7687,0.9778,7.2,2,1
206,104,105,317,104,121,0.7966,0.9793,7.6,3,3
207,161,251,339,249,122,0.73,0.9739,7,4,29
208,148,170,322,170,123,0.7826,0.9748,6.8,3,5
209,35,37,34,33,124,0.7574,0.978,7.1,2,2
21,159,187,325,185,125,0.7686,0.9735,6.8,3,14
210,161,228,327,227,126,0.7454,0.976,7.3,5,16
211,7,8,7,6,127,0.5306,0.9752,7.6,1,1
212,5,5,5,4,128,0.5231,0.9763,7.9,1,1
213,152,172,319,171,129,0.7706,0.9748,7.7,4,6
214,29,31,27,26,130,0.7436,0.9736,7.6,2,2
215,93,97,316,94,131,0.8032,0.9758,7.3,3,4
216,30,30,30,29,132,0.742,0.9756,7.4,1,1
217,161,255,332,251,133,0.7367,0.9777,7.2,4,26
218,25,26,24,23,134,0.7256,0.9766,7.9,2,2
219,30,30,30,29,135,0.7424,0.9755,7.9,1,1
22,125,144,326,141,136,0.7904,0.9749,7,3,4
220,10,10,10,9,137,0.6106,0.9763,8,1,1
221,11,11,11,10,138,0.5997,0.972,7.4,1,1
222,31,33,30,29,139,0.7578,0.9785,7.4,3,3
223,137,152,319,148,140,0.7901,0.9741,7,4,8
224,161,251,329,250,141,0.7311,0.9782,7.2,4,17
225,68,68,65,64,142,0.7967,0.9758,7.4,1,1
226,31,31,29,28,143,0.7257,0.9758,7.4,1,1
227,161,249,333,248,144,0.7358,0.9766,6.9,5,23
228,42,43,41,40,145,0.769,0.977,7.5,1,1
229,33,39,31,30,146,0.7503,0.9762,7.7,3,5
23,102,112,321,107,147,0.8081,0.9755,7,4,5
230,9,10,9,8,148,0.5601,0.9732,7.2,1,1
231,54,55,55,54,149,0.7871,0.9758,7.5,2,2
232,159,183,322,182,150,0.7711,0.9743,6.9,3,7
233,33,33,33,32,151,0.7559,0.9765,7.8,1,1
234,10,11,11,10,152,0.6018,0.977,7.7,1,1
235,106,109,317,108,153,0.7986,0.9737,7.1,3,3
236,161,255,330,253,154,0.7311,0.9748,7.3,5,19
237,22,22,22,21,155,0.6603,0.9762,7.7,1,1
238,161,244,338,244,156,0.7325,0.9745,7.7,4,27
239,40,42,40,39,157,0.7722,0.9775,7.6,3,2
24,119,127,320,125,158,0.8088,0.9764,6.9,5,4
240,68,70,65,64,159,0.7941,0.9762,7.7,2,3
241,22,22,22,21,160,0.688,0.9782,7.9,1,1
242,161,298,355,294,161,0.7,0.9776,7.1,3,54
243,161,215,327,215,162,0.7548,0.9768,6.9,5,15
244,35,38,35,34,163,0.7469,0.9767,7.7,2,3
245,5,6,5,4,164,0.5133,0.9756,7.9,1,1
246,105,110,318,106,165,0.8007,0.9753,7.7,2,2
247,30,31,31,30,166,0.7407,0.9764,7.3,2,2
248,11,12,11,10,167,0.6113,0.974,8,2,2
249,13,14,12,11,168,0.6233,0.9744,7,2,2
25,145,155,318,154,169,0.7914,0.9766,7.3,3,4
250,65,68,63,62,170,0.796,0.9753,7.3,2,3
251,8,9,8,7,171,0.5902,0.9773,7.4,2,2
252,161,227,329,226,172,0.7458,0.9761,6.7,3,19
253,17,17,18,17,173,0.673,0.9751,7.6,1,1
254,118,125,317,122,174,0.7992,0.9762,7.1,4,3
255,42,44,40,39,175,0.7778,0.9752,7.5,3,3
256,33,34,33,32,176,0.744,0.9749,7.7,2,2
257,161,196,322,193,177,0.761,0.9772,7.5,6,11
258,42,45,40,39,178,0.7855,0.9732,7.2,3,3
259,13,16,12,11,179,0.6405,0.9745,7.5,2,2
26,133,141,318,138,180,0.7956,0.9721,7.4,3,3
260,15,16,15,14,181,0.6562,0.9768,7.7,2,2
261,61,61,62,61,182,0.787,0.975,7.3,1,1
262,109,114,317,112,183,0.7999,0.9744,7.1,4,2
263,83,84,84,83,184,0.7993,0.9758,7.7,2,1
264,45,47,44,43,185,0.7516,0.9745,7.5,3,2
265,8,8,7,6,186,0.5453,0.9769,8.1,1,1
266,70,72,69,68,187,0.7893,0.9767,7.4,3,3
267,55,57,56,55,188,0.7772,0.9742,6.9,2,2
268,161,274,345,273,189,0.7125,0.9784,7,5,32
269,150,165,325,164,190,0.7748,0.975,7.6,4,11
27,109,121,320,116,191,0.7981,0.9761,7.1,3,6
270,2,2,0,0,192,0.3691,0.5845,5.5,1,1
271,42,43,40,39,193,0.7658,0.975,7.6,2,2
272,161,269,339,266,194,0.7191,0.9761,7,4,38
273,16,16,16,15,195,0.6716,0.9765,7.7,1,1
274,92,97,317,88,196,0.7991,0.9769,7.3,3,4
275,14,14,14,13,197,0.6169,0.9749,7.7,2,1
276,43,43,43,42,198,0.7498,0.976,7.6,1,1
277,85,85,84,83,199,0.7875,0.9763,7.5,2,2
278,4,6,4,3,200,0.5234,0.9762,8.1,1,1
279,4,7,4,3,201,0.5475,0.9787,8,2,2
28,113,121,318,119,202,0.803,0.9773,7,4,4
280,34,35,34,33,203,0.7565,0.9772,7.2,2,2
281,161,283,347,281,204,0.7115,0.9735,6.9,4,41
282,35,36,33,32,205,0.7466,0.9777,7.5,3,3
283,161,238,334,235,206,0.7357,0.976,7.3,3,23
284,67,70,67,66,207,0.7974,0.9771,7.5,3,3
285,161,254,341,253,208,0.7297,0.9764,7.5,4,28
286,1,2,0,0,209,0.453,0.8789,8.2,0,0
287,1,2,0,0,210,0.4316,0.7807,7.6,0,0
288,18,18,18,17,211,0.6244,0.9727,8,1,1
289,157,194,329,193,212,0.766,0.9759,7,4,13
29,160,188,323,187,213,0.7741,0.9762,7.2,3,9
290,161,268,344,266,214,0.7194,0.9761,7.2,3,32
291,22,23,21,20,215,0.695,0.9769,7.9,2,2
292,11,11,11,10,216,0.5963,0.9743,7.6,1,1
293,6,6,6,5,217,0.5525,0.974,7.6,1,1
294,79,79,75,74,218,0.8165,0.9757,7.4,2,1
295,23,23,22,21,219,0.7231,0.9745,7.5,1,1
296,47,50,42,41,220,0.7847,0.9732,7.4,2,4
297,92,99,90,89,221,0.7979,0.978,7.3,3,7
298,29,29,28,27,222,0.7277,0.9767,7.9,1,1
299,7,8,7,6,223,0.4914,0.978,7.5,1,1
3,161,224,328,223,224,0.7475,0.9764,6.9,3,14
30,109,124,321,118,225,0.7985,0.9778,7,4,5
300,7,9,7,6,226,0.5267,0.9744,7.8,2,2
301,13,13,12,11,227,0.6266,0.9755,8,2,1
302,10,10,10,9,228,0.615,0.9769,7.8,1,1
303,21,21,21,20,229,0.6701,0.9743,7.7,1,1
304,3,4,0,0,230,0.5964,0.9735,8.4,2,1
305,29,31,27,26,231,0.732,0.9751,7.7,2,3
306,26,26,24,23,232,0.7031,0.9766,7.8,1,1
307,92,101,316,91,233,0.8102,0.9729,7.3,3,5
308,27,28,26,25,234,0.6867,0.9735,7.4,2,2
309,161,302,354,297,235,0.7007,0.9749,6.6,4,49
31,87,89,318,87,236,0.7977,0.9762,7.2,2,3
310,1,1,0,0,237,0.4318,0.5838,5.3,0,0
311,22,23,22,21,238,0.6569,0.9757,8,2,2
312,45,47,43,42,239,0.7721,0.9766,7.6,3,3
313,10,11,11,10,240,0.5552,0.9793,7.7,2,2
314,113,120,320,120,241,0.8023,0.9788,7.5,3,1
315,38,41,34,33,242,0.7595,0.9758,7.2,3,5
316,79,79,78,77,243,0.7889,0.9772,7.6,2,1
317,133,151,323,148,244,0.7795,0.9756,6.8,4,9
318,21,24,21,20,245,0.7345,0.9775,7.3,2,2
319,3,4,0,0,246,0.6213,0.978,8.2,2,1
32,106,110,317,108,247,0.8091,0.9764,7,3,2
320,51,52,46,45,248,0.7659,0.9763,7.3,2,2
321,6,6,6,5,249,0.5206,0.974,7.5,1,1
322,161,263,339,261,250,0.7304,0.977,7.1,4,31
323,11,13,12,10,251,0.6444,0.9768,8,2,2
324,10,11,10,9,252,0.5803,0.9767,7.6,2,2
325,24,26,23,22,253,0.7017,0.9748,7.4,2,2
326,60,61,60,59,254,0.7899,0.976,7.7,3,3
327,76,79,71,70,255,0.8036,0.9744,7.1,3,4
328,18,19,18,17,256,0.69,0.9782,7.8,2,2
329,161,273,342,271,257,0.7182,0.9726,6.6,4,30
33,159,193,328,190,258,0.7726,0.9771,7.1,4,12
330,2,2,0,0,259,0.5805,0.8805,7.3,1,1
331,15,16,16,15,260,0.6536,0.9767,7.7,2,2
332,43,44,42,41,261,0.7621,0.9744,7.5,2,1
333,50,51,46,45,262,0.7595,0.9767,7.5,2,2
334,161,283,349,280,263,0.7104,0.9767,6.6,4,47
335,22,23,22,21,264,0.7118,0.9761,7.7,1,1
336,37,40,36,35,265,0.7694,0.9745,7.8,3,4
337,4,4,6,3,266,0.5394,0.9776,8.1,1,1
338,19,20,19,18,267,0.6804,0.9772,7.3,2,2
339,161,253,335,253,268,0.7292,0.9727,6.6,5,21
34,42,42,40,39,269,0.7469,0.9735,7.5,1,1
340,19,19,19,18,270,0.7053,0.9751,7.5,1,1
341,137,156,323,155,271,0.7859,0.9773,7.2,3,5
342,13,15,13,12,272,0.5819,0.9739,7.5,2,2
343,1,1,0,0,273,0.3189,0.5871,6,0,0
344,14,14,14,13,274,0.6796,0.972,7.9,1,1
345,27,28,25,24,275,0.7455,0.9747,7.5,1,1
346,66,66,64,63,276,0.7911,0.9738,7,2,2
347,18,18,16,15,277,0.6846,0.9744,8.1,1,1
348,15,15,14,13,278,0.646,0.9748,7.6,1,1
349,161,224,333,224,279,0.7454,0.9776,7.3,5,21
35,161,196,325,194,280,0.7657,0.9762,7.1,4,10
350,2,5,0,0,281,0.5278,0.8786,7.3,2,2
351,11,11,11,10,282,0.598,0.9735,7.9,1,1
352,18,19,18,17,283,0.6972,0.9749,8,2,2
353,14,15,14,13,284,0.6358,0.976,7.4,1,1
354,14,15,14,13,285,0.66,0.9772,8.2,1,1
355,161,304,357,301,286,0.6949,0.9737,6.7,5,55
356,7,7,7,6,287,0.5368,0.9761,7.8,1,1
357,14,14,14,13,288,0.6405,0.9759,7.6,1,1
358,18,18,18,17,289,0.6675,0.9733,7.6,1,1
359,36,36,34,33,290,0.7573,0.9763,7.5,1,1
36,47,48,44,43,291,0.7664,0.9769,7.5,2,2
360,156,185,327,184,292,0.7724,0.9775,6.8,4,13
361,7,7,6,5,293,0.5619,0.9775,7.7,1,1
362,161,226,329,225,294,0.7476,0.9767,6.9,4,15
363,161,275,352,275,295,0.7177,0.9761,7.2,5,47
364,96,101,94,93,296,0.8015,0.977,7.2,3,3
365,34,34,33,32,297,0.7524,0.9758,7.1,1,1
366,36,36,34,33,298,0.7756,0.9757,7.5,1,1
367,46,46,43,42,299,0.7778,0.9761,7.8,1,1
368,7,8,12,6,300,0.5615,0.9776,7.9,2,1
369,27,27,26,25,301,0.6999,0.9726,7.4,1,1
37,109,121,323,118,302,0.795,0.9758,7.5,3,8
370,4,4,4,3,303,0.45,0.8791,7.3,1,1
371,66,74,66,65,304,0.8091,0.9776,7.4,3,5
372,49,51,47,46,305,0.7723,0.9799,7.2,2,3
373,14,15,14,13,306,0.673,0.976,7.8,2,2
374,161,277,354,276,307,0.7198,0.9747,7,4,43
375,51,52,47,46,308,0.7954,0.9749,7.7,2,1
376,65,69,62,61,309,0.8014,0.9767,7.7,2,3
377,28,28,27,26,310,0.7478,0.9733,7.7,1,1
378,65,69,62,61,311,0.8006,0.9762,7.3,4,4
379,161,250,334,249,312,0.7282,0.9781,7.1,3,22
38,75,77,75,74,313,0.7999,0.9763,7.9,2,3
380,79,84,79,78,314,0.8102,0.9734,6.8,3,2
381,14,15,16,11,315,0.6425,0.9765,7.4,2,1
382,36,40,36,35,316,0.781,0.9776,7.5,2,4
383,7,7,7,6,317,0.5886,0.9749,8.1,1,1
384,5,5,6,4,318,0.531,0.9774,7.8,1,1
385,161,302,358,300,319,0.7002,0.9769,7,4,53
386,18,18,18,17,320,0.6528,0.977,7.8,1,1
387,76,78,76,75,321,0.7904,0.979,7.4,3,3
388,12,12,12,11,322,0.6662,0.9751,7.3,1,1
389,31,33,30,29,323,0.7565,0.9768,7.8,2,1
39,151,163,319,163,324,0.7826,0.9757,7.3,3,4
390,1,1,0,0,325,0.3031,0.584,6.7,0,0
391,9,9,8,7,326,0.5582,0.9755,7.7,1,1
392,87,93,85,84,327,0.7897,0.9757,7.5,2,2
393,25,25,24,23,328,0.6922,0.9756,7.8,1,1
394,161,255,350,253,329,0.7332,0.9722,7,4,42
395,6,6,6,5,330,0.5165,0.9765,7.9,1,1
396,17,17,16,15,331,0.6554,0.973,7.6,1,1
397,46,49,45,44,332,0.77,0.9764,7.5,3,2
398,161,228,342,225,333,0.7508,0.9785,7.2,4,27
399,161,310,362,310,334,0.6977,0.9772,7.5,5,55
4,161,221,332,221,335,0.7514,0.977,7.3,4,17
40,161,199,327,198,336,0.7645,0.9755,7.1,3,14
400,122,127,319,127,337,0.7968,0.9735,7.3,3,2
401,161,208,331,208,338,0.7576,0.9741,7,4,17
402,28,28,27,26,339,0.7327,0.9773,7.4,1,1
403,161,316,368,316,340,0.6904,0.9759,6.9,4,65
404,97,97,316,97,341,0.7923,0.9772,7.5,2,1
405,17,18,16,15,342,0.7019,0.9764,7.5,2,2
406,22,24,28,20,343,0.7239,0.978,7.3,3,1
407,30,31,26,25,344,0.7583,0.9778,7.7,2,2
408,161,282,351,279,345,0.708,0.9788,7.3,4,46
409,1,1,0,0,346,0.378,0.6826,6.9,0,0
41,64,70,63,62,347,0.8025,0.9767,7.6,3,4
410,14,14,12,11,348,0.6613,0.9765,7.8,1,1
411,16,21,16,15,349,0.6751,0.9768,7.3,3,3
412,15,15,13,12,350,0.6393,0.9783,8,2,1
413,4,4,4,3,351,0.5405,0.9758,7.8,1,1
414,161,286,343,286,352,0.707,0.9789,6.9,3,38
415,90,92,90,89,353,0.7982,0.9774,8.1,2,2
416,20,20,19,18,354,0.6672,0.9769,7.7,1,1
417,8,10,9,8,355,0.6137,0.978,8.1,2,2
418,24,24,23,22,356,0.724,0.9762,7.6,1,1
419,161,296,363,294,357,0.7021,0.9773,7,4,59
42,151,164,321,164,358,0.781,0.9761,7.4,3,6
420,23,23,21,20,359,0.6934,0.9783,7.9,1,1
421,33,34,33,32,360,0.7659,0.978,7.6,2,2
422,11,12,11,10,361,0.5901,0.9769,7.8,1,1
423,145,164,326,164,362,0.7846,0.9778,7.1,5,9
424,22,22,22,21,363,0.7094,0.9754,7.7,1,1
425,47,47,45,44,364,0.7819,0.9752,8,1,1
426,9,11,8,7,365,0.5552,0.9755,8,2,2
427,161,277,350,272,366,0.716,0.9752,7.2,3,51
428,10,10,10,9,367,0.6038,0.9735,7.9,1,1
429,161,285,354,284,368,0.7087,0.9779,7,4,46
43,81,83,81,80,369,0.8,0.9758,7.3,3,3
430,9,9,12,7,370,0.5702,0.977,8.1,1,1
431,35,36,32,31,371,0.7543,0.9763,7.4,2,2
432,161,283,355,281,372,0.7112,0.9775,6.9,4,47
433,13,13,13,12,373,0.6403,0.9752,7.9,1,1
434,46,50,68,44,374,0.8019,0.9754,7.1,2,2
435,11,12,13,10,375,0.6418,0.9751,7.6,1,1
436,28,29,26,25,376,0.7202,0.9744,7.5,2,2
437,15,15,15,14,377,0.6618,0.979,7.9,1,1
438,42,42,41,40,378,0.7555,0.9735,7.1,1,1
439,27,27,25,24,379,0.7656,0.9735,7.3,2,1
44,137,160,324,154,380,0.7881,0.9727,7,4,11
440,18,18,17,16,381,0.6896,0.9782,7.6,1,1
441,20,21,19,18,382,0.7006,0.9758,7.9,2,2
442,23,23,23,22,383,0.7082,0.9764,7.4,1,1
443,161,309,360,308,384,0.6943,0.9765,7.5,3,55
444,29,29,27,26,385,0.7422,0.9774,8.1,1,1
445,161,334,379,332,386,0.6732,0.9768,7.2,4,79
446,86,88,84,83,387,0.795,0.9747,7.8,3,2
447,161,293,366,293,388,0.7049,0.9747,6.8,4,54
448,161,272,344,272,389,0.7153,0.9772,7.2,4,34
449,149,175,327,172,390,0.7792,0.9748,6.8,5,12
45,161,216,327,214,391,0.7534,0.9786,7.3,3,15
450,112,116,317,116,392,0.8055,0.9743,7.3,3,2
451,87,88,316,86,393,0.8014,0.977,7.8,2,1
452,17,18,16,15,394,0.6161,0.9764,8.1,2,1
453,8,8,8,7,395,0.5459,0.9743,7.6,1,1
454,20,21,21,20,396,0.6763,0.9753,7.8,2,2
455,161,324,367,324,397,0.6833,0.9765,7.1,5,71
456,130,142,321,142,398,0.7888,0.9771,7.5,4,4
457,13,14,12,11,399,0.6509,0.9781,7.7,1,1
458,27,27,26,25,400,0.7035,0.9765,7.6,1,1
459,11,12,11,10,401,0.6518,0.9758,7.5,2,1
46,123,127,319,126,402,0.8002,0.9781,7.5,4,4
460,5,5,4,3,403,0.5574,0.9743,8.3,2,1
461,9,9,12,7,404,0.5676,0.975,7.8,1,1
462,20,20,19,18,405,0.6768,0.9785,7.7,1,1
463,48,49,48,47,406,0.7589,0.9769,7.7,2,2
464,3,3,0,0,407,0.5151,0.9786,8,1,1
465,15,15,14,13,408,0.6564,0.9745,7.9,1,1
466,31,32,28,27,409,0.7429,0.9731,7.5,2,2
467,3,3,0,0,410,0.5379,0.8785,7.1,1,1
468,11,12,11,10,411,0.6758,0.9752,8,2,2
469,92,95,91,90,412,0.8083,0.977,7.5,2,3
47,76,79,74,73,413,0.8005,0.9777,7.3,4,3
470,14,14,14,13,414,0.6628,0.9747,7.6,1,1
471,32,35,30,29,415,0.7504,0.976,7.6,2,3
472,161,345,382,343,416,0.668,0.9756,7.3,4,80
473,41,41,41,40,417,0.7792,0.9748,7.6,2,2
474,2,4,0,0,418,0.355,0.5881,6.6,2,2
475,19,19,18,17,419,0.683,0.9756,7.6,1,1
476,145,163,323,163,420,0.785,0.9762,7.1,4,9
477,5,5,5,4,421,0.5358,0.9772,7.7,1,1
478,10,10,10,9,422,0.59,0.9763,7.8,1,1
479,27,28,26,25,423,0.7296,0.9776,7.9,2,1
48,143,152,318,152,424,0.7888,0.9755,7.4,3,3
480,26,26,26,25,425,0.7313,0.975,7.3,1,1
481,100,101,99,98,426,0.8021,0.9758,7.1,3,1
482,154,204,341,203,427,0.7612,0.9755,6.5,3,24
483,15,17,16,13,428,0.6743,0.979,7.8,2,1
484,22,23,28,19,429,0.7113,0.9763,7.5,2,1
485,21,21,21,20,430,0.7151,0.9745,8.2,1,1
486,150,179,326,177,431,0.7741,0.977,7,4,11
487,26,26,24,23,432,0.7332,0.9787,7.5,1,1
488,159,207,334,206,433,0.7623,0.9775,6.8,5,15
489,11,11,10,9,434,0.6273,0.9742,7.8,1,1
49,15,16,15,14,435,0.6281,0.9761,7.6,2,3
490,14,14,14,13,436,0.6619,0.9758,7.7,1,1
491,161,342,386,339,437,0.6699,0.9769,7.1,5,80
492,10,10,10,9,438,0.6193,0.9768,7.9,1,1
493,161,268,344,267,439,0.7181,0.9755,6.9,4,33
494,22,22,19,18,440,0.6989,0.9785,7.9,1,1
495,161,342,384,341,441,0.6756,0.9773,6.9,5,80
496,71,74,68,67,442,0.7952,0.9776,8,3,4
497,41,43,39,38,443,0.7888,0.9742,7,2,2
498,22,22,21,20,444,0.7335,0.9766,7.7,1,1
499,31,31,30,29,445,0.7574,0.9738,7,1,1
5,140,147,317,146,446,0.7929,0.9757,6.9,4,3
50,112,122,320,115,447,0.8044,0.9774,7.5,4,8
500,2,4,0,0,448,0.5935,0.8811,7.4,1,1
501,11,12,13,10,449,0.6396,0.9746,7.8,2,1
502,18,18,16,15,450,0.6834,0.9755,7.7,1,1
503,24,24,23,22,451,0.7441,0.9753,7.3,1,1
504,148,182,328,179,452,0.7754,0.9749,7.1,3,15
505,8,8,7,6,453,0.5482,0.9769,7.7,1,1
506,161,259,344,258,454,0.7252,0.9774,7.1,4,29
507,33,33,30,29,455,0.7698,0.9747,7.5,2,2
508,161,336,381,335,456,0.6744,0.9773,6.9,3,73
509,112,116,320,115,457,0.8071,0.9769,7.1,4,4
51,141,153,322,152,458,0.7931,0.9742,7.3,2,6
510,17,17,15,14,459,0.653,0.9772,7.8,1,1
511,8,8,7,6,460,0.5791,0.9754,7.6,1,1
512,3,3,0,0,461,0.4807,0.9757,7.8,1,1
513,161,312,364,311,462,0.6917,0.9768,7.3,4,59
514,161,330,382,330,463,0.68,0.9745,7,4,75
515,18,18,18,17,464,0.662,0.9773,7.8,1,1
516,10,11,10,9,465,0.6279,0.9765,7.7,2,1
517,41,41,40,39,466,0.7658,0.9774,7.4,2,1
518,3,4,0,0,467,0.6163,0.9769,9,2,1
519,161,306,372,306,468,0.6952,0.975,7.3,4,62
52,125,128,318,128,469,0.801,0.975,7.4,2,3
520,9,9,9,8,470,0.5679,0.9749,7.9,1,1
521,161,353,396,353,471,0.6679,0.9735,6.7,4,98
522,161,347,394,346,472,0.6705,0.9725,7.2,5,90
523,20,20,20,19,473,0.7061,0.9767,7.9,1,1
524,31,31,28,27,474,0.7412,0.9758,7.5,2,1
525,40,41,41,40,475,0.7549,0.977,7.7,2,2
526,161,320,368,319,476,0.6883,0.9754,6.9,4,66
527,23,23,24,23,477,0.7014,0.9768,7.4,1,1
528,117,129,321,125,478,0.8002,0.9762,7.4,4,6
529,7,7,7,6,479,0.5335,0.9751,7.8,1,1
53,39,41,68,33,480,0.7771,0.977,7.8,3,2
530,2,3,0,0,481,0.2307,0.3921,5.4,1,1
531,1,1,0,0,482,0.2622,0.489,5.4,0,0
532,6,6,6,5,483,0.5469,0.9744,7.6,1,1
533,18,18,17,16,484,0.7198,0.9764,7.8,1,1
534,161,242,343,242,485,0.7352,0.9733,6.9,5,32
535,1,1,0,0,486,0.6106,0.8755,7.1,0,0
536,22,22,21,20,487,0.7082,0.9772,7.3,1,1
537,78,82,74,73,488,0.8032,0.9758,7.6,3,3
538,14,15,14,13,489,0.6647,0.977,7.8,2,1
539,9,9,9,8,490,0.6082,0.9739,7.6,1,1
54,150,170,325,170,491,0.7815,0.9748,7.5,3,6
540,161,350,392,350,492,0.6669,0.976,6.9,4,82
541,12,13,10,9,493,0.6092,0.9758,7.6,2,2
542,2,3,0,0,494,0.6314,0.9748,8.4,1,1
543,40,40,36,35,495,0.775,0.9736,7.6,1,1
544,26,26,23,22,496,0.705,0.976,7.5,1,1
545,2,2,0,0,497,0.5305,0.8818,9.9,1,1
546,161,379,404,379,498,0.6514,0.9751,6.8,3,101
547,1,1,0,0,499,0.374,0.6817,7.3,0,0
548,161,351,398,350,500,0.6633,0.9721,6.7,4,96
549,21,21,21,20,501,0.7126,0.9773,8.3,1,1
55,117,125,320,122,502,0.7914,0.9782,7.7,3,7
550,9,10,8,7,503,0.5601,0.9746,7.7,2,1
551,21,22,26,20,504,0.6717,0.9749,7.6,1,1
552,9,12,9,8,505,0.6233,0.9724,7.6,2,2
553,22,23,21,20,506,0.7332,0.9771,7.4,2,2
554,45,45,43,42,507,0.7885,0.9765,7.9,1,1
555,14,15,14,13,508,0.6134,0.9729,7.5,2,2
556,12,13,11,10,509,0.6346,0.9775,8,2,1
557,43,44,42,41,510,0.7801,0.9748,7.3,1,1
558,161,302,363,299,511,0.7025,0.9741,7,4,61
559,8,9,8,7,512,0.5858,0.9783,7.7,2,2
56,99,103,316,95,513,0.7991,0.9727,7.4,4,3
560,111,116,316,112,514,0.8032,0.9755,7.5,4,4
561,8,8,8,7,515,0.5841,0.9759,7.9,1,1
562,15,16,13,12,516,0.6502,0.9759,7.6,2,2
563,12,12,10,9,517,0.6214,0.9768,8,1,1
564,14,16,14,13,518,0.6755,0.9728,7.7,2,1
565,93,95,316,93,519,0.8091,0.9756,7.1,3,2
566,11,13,11,10,520,0.638,0.9731,7.5,3,3
567,161,376,399,374,521,0.6467,0.9765,7.1,5,100
568,1,1,0,0,522,0.3367,0.4877,5.3,0,0
569,3,3,0,0,523,0.6098,0.974,7.8,1,1
57,95,103,317,96,524,0.8058,0.9771,7.7,4,3
570,25,26,24,23,525,0.7597,0.9765,7.7,2,2
571,6,6,6,5,526,0.496,0.9768,8,1,1
572,21,22,18,17,527,0.6874,0.9767,7.9,2,2
573,20,21,26,18,528,0.6579,0.9753,7.7,2,2
574,125,140,317,131,529,0.7968,0.9788,7.2,5,5
575,12,13,11,10,530,0.5853,0.9743,7.7,2,2
576,8,8,8,7,531,0.5931,0.9745,8,1,1
577,161,332,385,330,532,0.6814,0.9771,7.6,4,77
578,161,397,417,394,533,0.6323,0.9743,6.9,5,126
579,34,34,31,30,534,0.757,0.9766,7.8,1,1
58,86,90,84,83,535,0.7987,0.9766,7.2,3,5
580,7,7,7,6,536,0.5583,0.9752,7.5,1,1
581,100,111,316,100,537,0.8075,0.9757,7.8,3,6
582,49,49,44,43,538,0.8037,0.9754,7.6,1,1
583,161,379,404,378,539,0.6516,0.9775,7.4,4,98
584,2,2,0,0,540,0.5443,0.8785,7.9,1,1
585,7,7,6,5,541,0.5882,0.9736,7.5,1,1
586,103,106,317,104,542,0.8137,0.9763,7.5,3,2
587,16,16,16,15,543,0.7146,0.9757,7.4,1,1
588,7,7,7,6,544,0.5839,0.9783,7.9,1,1
589,7,7,7,6,545,0.5309,0.9752,7.6,1,1
59,142,153,320,153,546,0.7861,0.9733,7,3,3
590,161,358,394,356,547,0.66,0.9777,7,4,99
591,20,21,20,19,548,0.665,0.9765,7.8,2,2
592,13,14,14,13,549,0.6133,0.9739,7.7,2,1
593,18,19,17,16,550,0.7244,0.9793,7.9,2,2
594,161,357,402,354,551,0.6649,0.9724,7.3,4,96
595,26,28,25,24,552,0.7325,0.9754,7.6,2,2
596,72,75,70,69,553,0.8085,0.9766,7.2,3,3
597,161,391,418,388,554,0.6381,0.9758,6.9,5,125
598,161,374,411,373,555,0.6483,0.9738,7.1,5,108
599,13,13,12,11,556,0.6627,0.9755,7.7,1,1
6,129,135,320,133,557,0.796,0.9736,7,4,6
60,108,109,316,108,558,0.8064,0.9767,6.9,2,1
600,100,105,316,99,559,0.8057,0.9734,7,3,4
601,123,140,319,132,560,0.7933,0.976,7.4,5,11
602,138,164,323,157,561,0.7789,0.9754,6.7,4,12
603,161,380,403,380,562,0.6431,0.9751,6.8,5,98
604,2,2,0,0,563,0.3797,0.6852,7.7,1,1
605,5,5,5,4,564,0.5112,0.9734,7.9,1,1
606,4,6,0,0,565,0.5065,0.9765,7.8,2,1
607,4,4,4,3,566,0.5384,0.9761,8.3,1,1
608,20,21,19,18,567,0.7502,0.9758,7.9,2,1
609,86,90,316,84,568,0.8154,0.9743,7,2,2
61,130,142,322,140,569,0.7957,0.976,7,4,7
610,8,8,8,7,570,0.5875,0.976,7.7,1,1
611,31,32,28,27,571,0.7395,0.9734,7.3,2,2
612,161,379,403,378,572,0.6432,0.9733,6.9,4,104
613,4,4,4,3,573,0.4987,0.9792,8.1,1,1
614,33,33,28,27,574,0.7267,0.9736,7.3,2,1
615,10,10,9,8,575,0.6054,0.976,7.3,1,1
616,161,393,417,392,576,0.642,0.9759,6.8,4,108
617,5,6,5,4,577,0.5373,0.9779,7.7,2,2
618,3,3,0,0,578,0.5982,0.976,7.7,1,1
619,8,8,8,7,579,0.6075,0.9759,8.1,1,1
62,93,98,93,92,580,0.8005,0.9757,7.6,4,3
620,8,8,8,7,581,0.6107,0.9777,7.7,1,1
621,4,7,0,0,582,0.5333,0.9751,7.8,2,2
622,161,349,397,348,583,0.6613,0.9753,6.6,3,91
623,5,6,5,4,584,0.5328,0.9759,7.8,2,1
624,20,21,19,18,585,0.7322,0.9772,7.6,2,2
625,161,391,423,390,586,0.642,0.9772,7.3,4,115
626,10,10,9,8,587,0.5625,0.976,7.8,1,1
627,17,18,17,16,588,0.6649,0.9781,7.5,2,2
628,69,69,69,68,589,0.8062,0.977,7.4,2,1
629,16,16,16,15,590,0.6914,0.9768,7.8,1,1
63,141,154,322,153,591,0.7897,0.9761,7.1,3,7
630,11,11,10,9,592,0.6044,0.9722,7.5,1,1
631,37,37,33,32,593,0.7884,0.9776,7.6,2,1
632,12,12,12,11,594,0.6401,0.9746,7.8,1,1
633,161,404,431,404,595,0.6312,0.9751,7,4,136
634,17,18,16,15,596,0.6855,0.9782,7.6,2,2
635,7,7,6,5,597,0.543,0.9763,7.7,1,1
636,6,7,6,5,598,0.5236,0.9748,7.3,1,1
637,48,49,48,47,599,0.8039,0.975,7.7,2,1
638,5,6,5,4,600,0.5168,0.9762,7.8,2,1
639,94,99,316,92,601,0.8127,0.9755,7.4,4,4
64,150,168,322,167,602,0.781,0.9747,7.2,4,7
640,161,317,371,317,603,0.6916,0.9753,6.9,3,63
641,6,6,6,5,604,0.5001,0.9772,7.7,1,1
642,161,372,392,370,605,0.6513,0.9762,7,4,91
643,21,21,19,18,606,0.742,0.9776,8.1,1,1
644,19,19,18,17,607,0.7263,0.9769,7.7,1,1
645,161,403,422,402,608,0.6305,0.979,7.1,4,119
646,6,7,5,4,609,0.5219,0.9749,8.2,1,1
647,106,116,320,111,610,0.8111,0.9773,7.6,4,5
648,161,342,383,342,611,0.6683,0.9768,7.3,4,76
649,26,27,24,23,612,0.7435,0.9756,7.5,2,2
65,43,45,68,36,613,0.7888,0.977,7.7,3,1
650,161,371,409,371,614,0.6546,0.9763,7,3,115
651,38,38,37,36,615,0.7638,0.9734,7.6,2,2
652,5,6,5,4,616,0.5457,0.9745,7.8,1,1
653,11,11,9,8,617,0.5991,0.9784,8.1,2,2
654,63,65,61,60,618,0.816,0.976,7.3,2,3
655,150,203,338,197,619,0.7621,0.9738,6.7,5,32
656,83,86,316,83,620,0.8173,0.9764,7.5,3,3
657,2,2,0,0,621,0.6356,0.976,8.2,1,1
658,28,28,29,28,622,0.7214,0.978,7.7,1,1
659,161,355,391,354,623,0.6624,0.9776,6.8,5,90
66,86,97,85,84,624,0.8067,0.9772,7.4,4,6
660,161,371,402,369,625,0.654,0.9765,7.4,4,98
661,5,5,5,4,626,0.531,0.976,7.5,1,1
662,161,368,408,368,627,0.6578,0.9755,7,4,103
663,16,16,16,15,628,0.6941,0.9805,7.9,1,1
664,3,3,0,0,629,0.459,0.875,7.2,1,1
665,21,21,19,18,630,0.7231,0.9755,7.4,1,1
666,161,296,367,296,631,0.7042,0.9774,7.1,4,64
667,18,18,16,15,632,0.7132,0.9795,7.5,1,1
668,7,7,7,6,633,0.5539,0.9731,7.7,1,1
669,7,9,6,5,634,0.5488,0.976,8,2,3
67,97,100,97,96,635,0.7981,0.9749,6.9,3,2
670,88,91,317,87,636,0.8174,0.9726,7.1,3,4
671,78,78,79,78,637,0.8174,0.9759,7.3,2,1
672,7,7,7,6,638,0.5682,0.9751,7.6,1,1
673,161,420,437,419,639,0.623,0.9754,6.9,4,135
674,8,8,8,7,640,0.5854,0.9788,7.5,1,1
675,4,4,4,3,641,0.5214,0.9768,7.6,1,1
676,3,3,0,0,642,0.5361,0.9779,7.8,1,1
677,13,13,11,10,643,0.6465,0.9776,7.7,2,1
678,161,388,411,387,644,0.6387,0.9721,7,3,123
679,2,2,0,0,645,0.5928,0.8789,7.4,1,1
68,64,65,64,63,646,0.8067,0.9777,7.1,2,2
680,161,375,403,374,647,0.648,0.9723,7,5,100
681,76,78,74,73,648,0.8144,0.9768,7.5,3,3
682,30,30,30,29,649,0.7528,0.9719,7.5,2,1
683,4,4,4,3,650,0.535,0.9777,7.8,1,1
684,9,9,9,8,651,0.6299,0.9779,7.8,1,1
685,41,41,40,39,652,0.7825,0.9733,7.4,2,1
686,5,6,5,4,653,0.5475,0.9751,7.5,2,1
687,11,11,11,10,654,0.6058,0.9776,7.5,1,1
688,20,20,19,18,655,0.7038,0.9731,7.3,1,1
689,3,3,0,0,656,0.5499,0.9765,8,1,1
69,72,75,86,71,657,0.7874,0.9778,7.4,2,2
690,11,13,10,9,658,0.6064,0.9764,7.9,3,2
691,3,3,0,0,659,0.5773,0.8795,7.9,1,1
692,2,3,0,0,660,0.5093,0.6832,6.6,1,1
693,2,2,0,0,661,0.6103,0.8757,7.4,1,1
694,161,278,364,278,662,0.7124,0.9746,7.1,4,51
695,3,3,0,0,663,0.5076,0.8781,8.3,1,1
696,99,107,317,96,664,0.8165,0.9771,7.1,3,5
697,1,2,0,0,665,0.5754,0.7806,6.8,0,0
698,11,11,9,8,666,0.6045,0.977,8,1,1
699,12,13,14,10,667,0.6191,0.9767,7.5,2,1
7,145,171,333,171,668,0.7796,0.9772,7.1,3,13
70,123,127,318,126,669,0.8006,0.9751,7.4,3,2
700,161,413,433,410,670,0.6211,0.9754,7.5,5,138
701,161,376,420,375,671,0.6487,0.9783,6.9,5,118
702,159,258,359,258,672,0.7263,0.9778,6.8,3,51
703,7,7,7,6,673,0.6088,0.9766,7.9,1,1
704,161,424,443,423,674,0.6162,0.9769,7.1,4,141
705,5,5,5,4,675,0.5191,0.975,8.2,1,1
706,20,20,19,18,676,0.69,0.9753,7.4,1,1
707,161,373,400,370,677,0.649,0.9774,7.3,4,96
708,161,320,377,320,678,0.6885,0.9736,7,5,79
709,161,445,456,445,679,0.5985,0.9743,6.8,3,171
71,119,138,325,132,680,0.7968,0.9741,6.9,4,8
710,22,22,21,20,681,0.7482,0.9735,7.3,1,1
711,2,3,0,0,682,0.4896,0.7815,7.6,1,1
712,6,6,6,5,683,0.5541,0.9747,7.7,1,1
713,161,336,390,336,684,0.6789,0.977,6.9,4,86
714,2,2,0,0,685,0.4064,0.682,5.9,1,1
715,161,334,381,334,686,0.6789,0.9771,7.3,4,91
716,161,366,404,366,687,0.6558,0.9764,7.3,4,103
717,161,380,413,380,688,0.6501,0.9765,7.5,4,110
718,13,13,11,10,689,0.6264,0.9751,7.8,1,1
719,2,2,0,0,690,0.3781,0.5886,5.9,1,1
72,104,109,316,104,691,0.8074,0.9768,7.6,3,4
720,1,1,0,0,692,0.389,0.6835,7,0,0
721,2,2,0,0,693,0.5257,0.9748,8.7,1,1
722,161,376,408,376,694,0.6484,0.9757,6.8,4,106
723,3,3,0,0,695,0.6024,0.9735,7.9,1,1
724,6,6,6,5,696,0.5214,0.9773,7.7,1,1
725,5,5,4,3,697,0.5136,0.9748,8,1,1
726,5,5,4,3,698,0.5447,0.9729,7.7,1,1
727,2,2,0,0,699,0.5818,0.8804,7.5,1,1
728,4,4,5,3,700,0.455,0.8764,6.9,1,1
729,8,10,8,7,701,0.6225,0.976,7.7,2,2
73,96,98,316,95,702,0.8051,0.9778,7.1,3,2
730,38,38,37,36,703,0.7698,0.9741,7.6,1,1
731,9,9,9,8,704,0.6472,0.9771,8,1,1
732,5,5,4,3,705,0.5417,0.9743,8.3,1,1
733,2,2,0,0,706,0.5054,0.6834,7,1,1
734,13,14,12,11,707,0.6806,0.9765,8,2,2
735,13,13,11,10,708,0.6784,0.9741,7.5,1,1
736,1,1,0,0,709,0.243,0.3901,5.3,0,0
737,3,3,0,0,710,0.5022,0.88,7.5,1,1
738,39,39,38,37,711,0.7956,0.9778,7.2,2,1
739,161,419,448,418,712,0.6264,0.9785,6.8,4,146
74,102,111,317,104,713,0.8015,0.9779,7.4,4,5
740,23,23,23,22,714,0.7158,0.9759,7.4,2,2
741,11,11,14,9,715,0.6256,0.9769,7.6,1,1
742,4,4,4,3,716,0.5448,0.9757,8,1,1
743,161,360,397,359,717,0.6594,0.9758,7.1,3,100
744,7,7,7,6,718,0.5791,0.9764,7.7,1,1
745,3,3,0,0,719,0.4963,0.9767,7.5,1,1
746,8,8,8,7,720,0.5522,0.9789,7.9,1,1
747,26,27,24,23,721,0.7741,0.9746,7.3,2,2
748,161,393,428,392,722,0.6381,0.9743,6.9,4,134
749,13,13,12,11,723,0.6926,0.9785,7.4,1,1
75,16,18,16,15,724,0.6765,0.9744,7.8,2,2
750,7,7,6,5,725,0.5896,0.979,8.4,1,1
751,15,15,13,12,726,0.7222,0.9756,7.6,1,1
752,12,12,9,8,727,0.5758,0.9766,8.4,2,2
753,161,360,403,359,728,0.6556,0.9743,7,4,95
754,3,3,0,0,729,0.55,0.975,7.9,1,1
755,11,11,11,10,730,0.5552,0.9758,8.1,1,1
756,2,2,0,0,731,0.4215,0.6843,8,1,1
757,9,9,8,7,732,0.5912,0.9762,7.7,1,1
758,5,5,5,4,733,0.5278,0.9784,8,1,1
759,65,69,62,61,734,0.8185,0.9756,7.5,3,5
76,103,113,317,107,735,0.7938,0.9734,7.1,3,3
760,44,46,44,43,736,0.8115,0.975,7.4,2,3
761,161,388,405,387,737,0.6418,0.9746,7.3,3,103
762,4,4,4,3,738,0.5195,0.9764,7.8,1,1
763,11,12,11,10,739,0.6535,0.9752,7.7,2,1
764,3,3,0,0,740,0.5609,0.9771,7.9,1,1
765,24,24,22,21,741,0.758,0.9795,7.8,1,1
766,161,400,431,398,742,0.6382,0.9755,7,4,136
767,161,416,429,414,743,0.621,0.9775,7,4,133
768,15,15,13,12,744,0.629,0.9779,7.7,1,1
769,161,428,447,427,745,0.6154,0.9767,7.2,4,165
77,41,43,39,38,746,0.7805,0.9764,7.3,3,2
770,34,34,33,32,747,0.7778,0.9759,7.8,2,1
771,161,414,440,413,748,0.6236,0.9759,7,5,132
772,4,4,0,0,749,0.5842,0.8768,7.3,1,1
773,2,3,0,0,750,0.5911,0.9783,8.6,1,1
774,18,18,15,14,751,0.7112,0.9753,7.6,1,1
775,5,5,5,4,752,0.5395,0.9782,7.6,1,1
776,1,2,0,0,753,0.2881,0.3921,5.3,0,0
777,9,9,8,7,754,0.6001,0.9796,7.8,1,1
778,2,2,0,0,755,0.6643,0.9786,8.3,1,1
779,23,24,19,18,756,0.73,0.9762,7.8,1,1
78,123,126,319,126,757,0.7947,0.9767,7,3,4
780,3,3,0,0,758,0.5362,0.9764,7.7,1,1
781,161,406,433,406,759,0.631,0.9764,7.3,3,137
782,7,7,6,5,760,0.5434,0.9754,7.5,1,1
783,7,7,6,5,761,0.5797,0.9754,7.6,1,1
784,3,3,0,0,762,0.5858,0.9767,8.1,1,1
785,33,34,33,32,763,0.7936,0.9744,7.4,2,2
786,5,5,5,4,764,0.5365,0.975,7.9,1,1
787,9,9,8,7,765,0.6188,0.9753,7.6,1,1
788,161,364,395,361,766,0.6507,0.9758,7.1,3,96
789,6,6,6,5,767,0.5779,0.9756,7.8,1,1
79,148,161,322,159,768,0.7839,0.9743,6.9,2,7
790,161,389,421,387,769,0.6397,0.9747,7,4,120
791,161,366,399,365,770,0.6544,0.9742,7,4,108
792,161,452,462,452,771,0.597,0.9753,6.9,4,165
793,6,6,5,4,772,0.5478,0.975,7.5,2,2
794,5,5,5,4,773,0.5294,0.9734,7.4,1,1
795,89,98,87,86,774,0.8213,0.9794,7.2,4,7
796,2,2,0,0,775,0.3566,0.5873,6.6,1,1
797,4,5,0,0,776,0.5324,0.9739,7.8,2,1
798,99,112,317,98,777,0.8127,0.976,7.6,3,8
799,12,12,12,11,778,0.6787,0.9776,7.6,1,1
8,161,222,331,220,779,0.747,0.9748,6.7,3,18
80,124,134,318,126,780,0.797,0.9787,7.5,3,5
800,52,54,49,48,781,0.8205,0.9755,7,3,3
801,161,487,492,484,782,0.5827,0.9792,7.2,4,202
802,3,3,0,0,783,0.5693,0.9759,8.1,1,1
803,39,41,37,36,784,0.7894,0.9729,7.6,2,2
804,7,7,7,6,785,0.5801,0.9746,7.7,1,1
805,161,444,464,441,786,0.606,0.9758,6.9,4,158
806,80,85,79,78,787,0.817,0.9759,7.5,4,5
807,4,4,4,3,788,0.4656,0.8791,7.4,1,1
808,161,395,429,392,789,0.6443,0.9774,7.1,4,124
809,29,31,27,26,790,0.765,0.9755,8.1,3,3
81,83,90,318,83,791,0.8098,0.9772,7.7,3,7
810,161,301,385,301,792,0.692,0.9768,7.2,3,81
811,161,368,416,367,793,0.658,0.9779,7,4,107
812,1,1,0,0,794,0.6188,0.9768,8.8,0,0
813,10,10,8,7,795,0.593,0.9739,7.7,1,1
814,3,3,4,2,796,0.5138,0.9798,7.7,1,1
815,44,45,44,43,797,0.8096,0.9769,7.5,2,2
816,8,8,7,6,798,0.605,0.9771,7.8,1,1
817,4,4,5,3,799,0.5458,0.9726,8,1,1
818,161,442,460,440,800,0.6053,0.9759,7.2,4,163
819,8,8,6,5,801,0.5621,0.9742,7.6,2,2
82,150,162,318,160,802,0.7839,0.9766,7.3,4,5
820,4,4,0,0,803,0.5279,0.9753,7.4,1,1
821,4,4,0,0,804,0.5851,0.972,8.2,1,1
822,161,434,450,434,805,0.6088,0.9744,6.7,5,153
823,73,73,65,64,806,0.824,0.9748,6.9,3,1
824,161,486,494,484,807,0.58,0.9757,6.9,3,197
825,32,33,31,30,808,0.7643,0.9759,7.5,2,1
826,161,388,414,388,809,0.636,0.9756,7.2,4,117
827,17,18,18,17,810,0.71,0.9739,7.7,2,2
828,19,19,16,15,811,0.7597,0.9786,7.5,2,1
829,1,1,0,0,812,0.3687,0.6851,6.9,0,0
83,129,139,323,137,813,0.7924,0.976,7,4,5
830,3,3,0,0,814,0.4957,0.9774,8.1,1,1
831,8,8,8,7,815,0.6124,0.9764,7.8,1,1
832,2,2,0,0,816,0.4804,0.7818,6.9,1,1
833,161,366,397,366,817,0.6561,0.976,6.8,4,96
834,18,18,17,16,818,0.6759,0.9761,7.7,2,2
835,4,4,0,0,819,0.573,0.9743,8.2,1,1
836,161,442,465,442,820,0.6088,0.9761,6.7,4,159
837,2,2,0,0,821,0.5862,0.9762,8.4,1,1
838,5,5,4,3,822,0.5668,0.9778,7.5,1,1
839,8,8,7,6,823,0.6221,0.975,7.8,1,1
84,52,55,52,51,824,0.761,0.9764,7.8,3,3
840,18,20,18,17,825,0.6691,0.976,7.4,2,2
841,40,40,37,36,826,0.811,0.9742,7.8,2,2
842,161,423,441,422,827,0.623,0.9774,6.7,3,141
843,3,3,0,0,828,0.5962,0.9752,8.2,1,1
844,52,54,46,45,829,0.8189,0.9762,7.5,4,3
845,161,433,448,433,830,0.6088,0.9757,7.2,4,160
846,161,441,458,438,831,0.6132,0.9769,7.2,4,161
847,3,3,0,0,832,0.586,0.9745,7.8,1,1
848,30,30,30,29,833,0.7679,0.9741,7.2,1,1
849,2,2,0,0,834,0.5932,0.9763,8,1,1
85,54,55,53,52,835,0.7787,0.976,7.6,3,2
850,161,380,413,379,836,0.6436,0.9762,7.3,4,111
851,4,4,4,3,837,0.53,0.9758,7.7,1,1
852,161,371,417,371,838,0.6523,0.9749,6.8,4,113
853,2,2,0,0,839,0.3752,0.6838,8.2,1,1
854,3,3,0,0,840,0.5447,0.9766,8,1,1
855,45,47,42,41,841,0.8087,0.9772,7.7,4,4
856,1,2,0,0,842,0.5195,0.783,7.5,0,0
857,161,409,435,408,843,0.6249,0.9764,7.1,4,145
858,10,10,8,7,844,0.5983,0.9759,7.9,1,1
859,3,3,0,0,845,0.5255,0.9766,8,1,1
86,68,69,69,68,846,0.7795,0.9788,7.6,2,2
860,19,19,17,16,847,0.7134,0.974,7.3,1,1
861,2,2,0,0,848,0.3622,0.4901,6.1,1,1
862,4,4,0,0,849,0.5172,0.9754,7.6,2,1
863,17,18,13,12,850,0.7039,0.9757,7.8,2,2
864,4,4,0,0,851,0.5306,0.9744,7.6,1,1
865,9,9,9,8,852,0.6492,0.9774,7.8,1,1
866,161,419,445,417,853,0.6213,0.9782,7.2,4,153
867,7,7,6,5,854,0.5859,0.9751,7.5,1,1
868,2,3,0,0,855,0.595,0.9734,7.7,1,1
869,3,3,0,0,856,0.55,0.9737,7.6,1,1
87,52,54,51,50,857,0.7899,0.9747,7.3,2,3
870,2,2,0,0,858,0.5351,0.8791,7.3,1,1
871,161,388,422,386,859,0.6413,0.9782,7.1,4,128
872,14,14,9,8,860,0.6642,0.9742,7.5,2,2
873,1,2,0,0,861,0.0735,0.1002,4,0,0
874,1,1,0,0,862,0.2801,0.3923,5.2,0,0
875,5,5,0,0,863,0.5523,0.975,7.7,1,1
876,8,8,6,5,864,0.5886,0.9753,8.2,1,1
877,1,1,0,0,865,0.4613,0.6837,6.5,0,0
878,4,4,4,3,866,0.5496,0.9783,7.9,1,1
879,7,7,5,4,867,0.5225,0.9763,8,1,1
88,64,67,64,63,868,0.7928,0.9774,7.3,3,3
880,161,415,441,414,869,0.6258,0.9747,7,4,143
881,3,3,0,0,870,0.5263,0.8786,7.3,1,1
882,1,1,0,0,871,0.2676,0.3915,5.2,0,0
883,14,14,10,9,872,0.6663,0.9765,7.4,1,1
884,5,5,5,4,873,0.5365,0.9757,7.9,1,1
885,161,368,410,368,874,0.6469,0.976,7,3,101
886,1,1,0,0,875,0.5363,0.6861,6.5,0,0
887,2,2,0,0,876,0.6624,0.9764,8.6,1,1
888,31,32,29,28,877,0.7906,0.9738,7.4,2,2
889,6,6,5,4,878,0.514,0.974,7.5,1,1
89,93,94,93,92,879,0.8062,0.9771,7.6,2,2
890,6,6,6,5,880,0.5637,0.976,7.6,1,1
891,161,478,492,477,881,0.582,0.9798,7.2,4,190
892,3,3,0,0,882,0.4977,0.9767,7.7,1,1
893,7,7,7,6,883,0.5905,0.9743,7.8,1,1
894,161,413,447,412,884,0.6199,0.9749,7.1,4,144
895,2,2,0,0,885,0.5319,0.877,7.2,1,1
896,2,2,0,0,886,0.4065,0.6832,6.3,1,1
897,145,223,332,189,887,0.7496,0.9757,7,3,48
898,161,467,480,463,888,0.5916,0.9739,6.9,4,191
899,3,3,0,0,889,0.5776,0.9751,7.3,1,1
9,161,183,319,183,890,0.7735,0.977,7.1,3,3
90,116,119,316,116,891,0.7978,0.9736,7.1,3,3
900,2,2,0,0,892,0.5309,0.7812,7,1,1
901,14,14,13,12,893,0.6836,0.9766,7.8,1,1
902,161,387,419,386,894,0.6381,0.977,7.1,4,116
903,6,6,6,5,895,0.567,0.9751,7.9,1,1
904,4,4,4,3,896,0.5646,0.9792,7.7,1,1
905,7,7,8,7,897,0.6022,0.9727,7.7,1,1
906,161,450,467,447,898,0.6038,0.9766,6.6,4,168
907,2,2,0,0,899,0.5956,0.8787,7.6,1,1
908,161,432,456,430,900,0.6154,0.9757,7.1,4,170
909,2,2,0,0,901,0.3886,0.6829,6.4,1,1
91,23,24,21,20,902,0.7112,0.9791,7.5,2,2
910,7,7,6,5,903,0.5427,0.9742,8,1,1
911,161,474,489,469,904,0.5813,0.9752,7.3,4,198
912,13,13,11,10,905,0.579,0.9754,8,2,1
913,1,1,0,0,906,0.6395,0.7807,7.5,0,0
914,1,1,0,0,907,0.3782,0.5863,5.7,0,0
915,1,1,0,0,908,0.4454,0.6846,7.3,0,0
916,44,48,42,41,909,0.7918,0.9761,7.3,3,4
917,46,49,45,44,910,0.8007,0.9763,7.5,4,5
918,1,1,0,0,911,0.3656,0.6853,6.5,0,0
919,3,3,0,0,912,0.5644,0.9786,8.3,1,1
92,73,75,69,68,913,0.7984,0.9761,7.4,3,4
920,36,36,32,31,914,0.785,0.979,7.9,2,2
921,5,5,4,3,915,0.5678,0.9759,7.7,1,1
922,161,367,414,364,916,0.6533,0.9786,7.6,5,108
923,150,238,328,198,917,0.7394,0.9783,7.1,4,56
924,23,23,18,17,918,0.7114,0.975,7.7,2,1
925,161,443,459,439,919,0.6015,0.9762,7.3,4,158
926,1,1,0,0,920,0.3646,0.5851,6.7,0,0
927,1,1,0,0,921,0.3745,0.4896,5.1,0,0
928,1,1,0,0,922,0.2185,0.2966,5.6,0,0
929,3,3,0,0,923,0.5314,0.9757,7.5,1,1
93,53,54,54,53,924,0.7806,0.9741,8,2,2
930,2,2,4,1,925,0.5277,0.8764,7.4,1,1
931,161,433,453,431,926,0.6114,0.9757,6.8,4,159
932,161,396,429,395,927,0.6413,0.9761,6.9,3,132
933,1,1,0,0,928,0.525,0.6868,7.1,0,0
934,161,430,457,430,929,0.6117,0.9741,7.2,4,164
935,4,4,0,0,930,0.5429,0.978,8,1,1
936,12,12,11,10,931,0.5904,0.9761,8.1,2,1
937,2,2,0,0,932,0.5844,0.8772,7.8,1,1
938,99,119,99,98,933,0.7874,0.9715,6.5,4,10
939,5,6,4,3,934,0.6051,0.9776,7.8,2,2
94,73,74,74,73,935,0.7953,0.9771,7.3,2,2
940,2,2,0,0,936,0.5615,0.8791,7.4,1,1
941,161,465,473,460,937,0.5904,0.9757,6.8,4,187
942,20,21,16,15,938,0.7153,0.9759,7.9,2,3
943,161,403,443,400,939,0.6331,0.9761,7.3,4,139
944,2,2,0,0,940,0.4926,0.8812,7.1,1,1
945,9,9,7,6,941,0.6178,0.9764,7.8,1,1
946,161,450,467,449,942,0.5997,0.9737,6.9,4,176
947,4,6,0,0,943,0.4981,0.9765,7.8,2,2
948,1,1,0,0,944,0.6415,0.7811,7.2,0,0
949,161,397,421,397,945,0.6325,0.9742,6.9,4,113
95,132,140,321,139,946,0.7967,0.9773,7.2,3,7
950,1,1,0,0,947,0.6771,0.878,8.2,0,0
951,161,466,479,459,948,0.5903,0.9738,6.9,4,187
952,161,453,468,452,949,0.5981,0.9778,7,4,174
953,2,2,0,0,950,0.6158,0.9779,8,1,1
954,106,139,112,111,951,0.78,0.9758,7.4,5,15
955,1,1,0,0,952,0.2515,0.3916,4.7,0,0
956,2,2,0,0,953,0.6581,0.8788,7.7,1,1
957,74,84,69,68,954,0.8151,0.9759,7.2,4,9
958,4,4,0,0,955,0.5098,0.8777,7.6,1,1
959,43,46,39,38,956,0.7615,0.9743,7.3,4,3
96,91,95,317,91,957,0.8205,0.9777,7.5,4,5
960,14,14,8,7,958,0.671,0.9759,7.9,2,1
961,4,4,4,3,959,0.5538,0.9754,7.9,1,1
962,7,7,4,3,960,0.5073,0.9742,7.5,2,1
963,161,483,492,477,961,0.5745,0.9755,7.1,5,199
964,1,1,0,0,962,0.557,0.6843,6.6,0,0
965,161,421,439,418,963,0.6221,0.9729,7.3,4,134
966,2,2,0,0,964,0.4369,0.6842,6.9,1,1
967,1,1,0,0,965,0.512,0.7787,7.2,0,0
968,42,43,39,38,966,0.7305,0.9729,7.2,3,4
969,1,1,0,0,967,0.382,0.5873,6,0,0
97,51,51,50,49,968,0.7805,0.9741,7.4,1,1
970,2,2,0,0,969,0.5551,0.8796,7.2,1,1
971,8,8,0,0,970,0.5099,0.973,7.7,2,2
972,161,450,455,443,971,0.6011,0.9754,7.1,4,166
973,4,4,0,0,972,0.7255,0.9752,8,1,1
974,161,442,454,437,973,0.6085,0.9787,6.8,4,168
975,13,13,11,10,974,0.6604,0.9757,7.9,2,1
976,161,500,512,496,975,0.5666,0.9747,6.7,4,228
977,1,1,0,0,976,0.5658,0.7829,7.4,0,0
978,161,472,489,469,977,0.5865,0.9772,7.2,5,191
979,1,1,0,0,978,0.6696,0.8779,7.9,0,0
98,47,51,44,43,979,0.7914,0.9765,7.7,2,2
980,4,4,4,3,980,0.5574,0.9768,7.9,1,1
981,9,9,8,7,981,0.5673,0.9737,8,1,1
982,2,2,0,0,982,0.6424,0.879,7.4,1,1
983,161,471,477,464,983,0.5871,0.9766,7.3,3,188
984,2,2,0,0,984,0.7908,0.9763,8.8,1,1
985,1,1,0,0,985,0.5964,0.8795,7.6,0,0
986,3,3,0,0,986,0.5671,0.9766,8.3,1,1
987,2,2,0,0,987,0.5455,0.7793,7.3,1,1
988,1,1,0,0,988,0.5082,0.7812,7.2,0,0
989,1,1,0,0,989,0.4039,0.489,5.1,0,0
99,111,118,317,115,990,0.7983,0.9751,7,3,4
990,2,2,0,0,991,0.6135,0.8764,7.7,1,1
991,4,5,0,0,992,0.6031,0.9764,8,2,2
992,161,455,467,450,993,0.5941,0.9767,7,4,162
993,4,4,5,4,994,0.753,0.9759,7.8,1,1
994,1,1,0,0,995,0.5176,0.6855,6.8,0,0
995,1,1,0,0,996,0.5546,0.8781,7.5,0,0
996,161,452,467,448,997,0.602,0.9735,7.3,4,176
997,1,1,0,0,998,0.3489,0.5869,5.9,0,0
998,1,1,0,0,999,0.4348,0.5862,6.2,0,0
999,1,1,0,0,1000,0.6306,0.7823,7.1,0,0
